SOURCE,DESTINATION,MAP_URL
girls hostel,svpm gate,https://www.google.com/maps/embed?pb=!1m24!1m12!1m3!1d2855.8073111932804!2d74.49844536825763!3d18.135202883149937!2m3!1f0!2f0!3f0!3m2!1i1024!2i768!4f13.1!4m9!3e2!4m3!3m2!1d18.1368878!2d74.49770099999999!4m3!3m2!1d18.135935399999997!2d74.50142819999999!5e0!3m2!1sen!2sin!4v1649866536634!5m2!1sen!2sin
girls hostel,boys hostel,https://www.google.com/maps/embed?pb=!1m28!1m12!1m3!1d3524.973300540621!2d74.49578631468233!3d18.137733837633103!2m3!1f0!2f0!3f0!3m2!1i1024!2i768!4f13.1!4m13!3e6!4m5!1s0x3bc3a7993ac2d5ed%3A0xd8c93645fbe0645!2sGirls%20Hostel(Old)%2C%204FPX%2BM66%2C%20Malegaon%20Budruk%2C%20Maharashtra%20413115!3m2!1d18.1366648!2d74.4980023!4m5!1s0x3bc3a7331355d1e1%3A0xb3b7710b3ec4c16d!2sBoys%20Canteen%2C%20Malegaon%20Budruk%2C%20Maharashtra!3m2!1d18.1388012!2d74.49756119999999!5e1!3m2!1sen!2sin!4v1649768581670!5m2!1sen!2sin
girls hostel,Playground,https://www.google.com/maps/embed?pb=!1m28!1m12!1m3!1d1762.4953089179967!2d74.49792510803154!3d18.1368745469084!2m3!1f0!2f0!3f0!3m2!1i1024!2i768!4f13.1!4m13!3e6!4m5!1s0x3bc3a7993ac2d5ed%3A0xd8c93645fbe0645!2sGirls%20Hostel(Old)%2C%204FPX%2BM66%2C%20Malegaon%20Budruk%2C%20Maharashtra%20413115!3m2!1d18.1366648!2d74.4980023!4m5!1s0x3bc3a12a7ebaf46d%3A0x74a2314d46e93d78!2sCollege%20Play%20Ground%2C%20Nira-Baramati%20Road%2C%20Malegaon%20Budruk%2C%20Maharashtra!3m2!1d18.1365324!2d74.49998819999999!5e1!3m2!1sen!2sin!4v1649768643691!5m2!1sen!2sin
girls hostel,Cafeteria,https://www.google.com/maps/embed?pb=!1m27!1m12!1m3!1d1847.266253287649!2d74.49794239490149!3d18.13687258535865!2m3!1f0!2f0!3f0!3m2!1i1024!2i768!4f13.1!4m12!3e6!4m5!1s0x3bc3a7993ac2d5ed%3A0xd8c93645fbe0645!2sGirls%20Hostel(Old)%2C%204FPX%2BM66%2C%20Malegaon%20Budruk%2C%20Maharashtra%20413115!3m2!1d18.1366648!2d74.4980023!4m4!1s0x3bc3a733395a296b%3A0x909f5953f9592008!3m2!1d18.138552699999998!2d74.49840739999999!5e1!3m2!1sen!2sin!4v1649768708017!5m2!1sen!2sin
girls hostel,Parking,https://www.google.com/maps/embed?pb=!1m28!1m12!1m3!1d1762.4837636737527!2d74.49776010803153!3d18.138020296908227!2m3!1f0!2f0!3f0!3m2!1i1024!2i768!4f13.1!4m13!3e6!4m5!1s0x3bc3a7993ac2d5ed%3A0xd8c93645fbe0645!2sGirls%20Hostel(Old)%2C%204FPX%2BM66%2C%20Malegaon%20Budruk%2C%20Maharashtra%20413115!3m2!1d18.1366648!2d74.4980023!4m5!1s0x3bc3a7334ec245f7%3A0x5219bb30325a621d!2sParking%2C%20Unnamed%20Road%2C%20Malegaon%20Budruk%2C%20Maharashtra!3m2!1d18.1393678!2d74.498952!5e1!3m2!1sen!2sin!4v1649768787511!5m2!1sen!2sin
girls hostel,Electrical Engg Building,https://www.google.com/maps/embed?pb=!1m26!1m12!1m3!1d3524.974375726839!2d74.49581991468231!3d18.13768048763308!2m3!1f0!2f0!3f0!3m2!1i1024!2i768!4f13.1!4m11!3e6!4m4!1s0x0%3A0xd8c93645fbe0645!3m2!1d18.1366648!2d74.4980023!4m4!1s0x3bc3a7335b14fbc5%3A0xb6dc5dafd2a44489!3m2!1d18.140275499999998!2d74.497483!5e1!3m2!1sen!2sin!4v1649772891280!5m2!1sen!2sin
girls hostel,Management Building,https://www.google.com/maps/embed?pb=!1m25!1m12!1m3!1d1875.570324090084!2d74.4963993163198!3d18.140066093899602!2m3!1f0!2f0!3f0!3m2!1i1024!2i768!4f13.1!4m10!3e2!4m3!3m2!1d18.1367093!2d74.4979319!4m4!1s0x3bc3a0d255555551%3A0x84c7f5fb7a271301!3m2!1d18.1408254!2d74.4972533!5e1!3m2!1sen!2sin!4v1649868676076!5m2!1sen!2sin
girls hostel,College of Engg,https://www.google.com/maps/embed?pb=!1m26!1m12!1m3!1d3524.974375726839!2d74.49581991468231!3d18.13768048763308!2m3!1f0!2f0!3f0!3m2!1i1024!2i768!4f13.1!4m11!3e6!4m4!1s0x0%3A0xd8c93645fbe0645!3m2!1d18.1366648!2d74.4980023!4m4!1s0x3bc3a0cd33c822f3%3A0xaed54077fcb25400!3m2!1d18.139147299999998!2d74.4986887!5e1!3m2!1sen!2sin!4v1649772949081!5m2!1sen!2sin
girls hostel,Diploma COE,https://www.google.com/maps/embed?pb=!1m28!1m12!1m3!1d3524.9775770832603!2d74.49637856468227!3d18.137521637633224!2m3!1f0!2f0!3f0!3m2!1i1024!2i768!4f13.1!4m13!3e6!4m5!1s0x3bc3a7993ac2d5ed%3A0xd8c93645fbe0645!2sGirls%20Hostel(Old)%2C%204FPX%2BM66%2C%20Malegaon%20Budruk%2C%20Maharashtra%20413115!3m2!1d18.1366648!2d74.4980023!4m5!1s0x3bc3a733319ec153%3A0xcdbe3e0d9574bae!2sDIPLOMA%20COLLEGE%20OF%20ENGG.%2C%20Malegaon%20Budruk%2C%20Maharashtra!3m2!1d18.138378499999998!2d74.4990098!5e1!3m2!1sen!2sin!4v1649769030620!5m2!1sen!2sin
girls hostel,Sharad hall,https://www.google.com/maps/embed?pb=!1m28!1m12!1m3!1d3524.9958838474495!2d74.49612126468226!3d18.136613237633753!2m3!1f0!2f0!3f0!3m2!1i1024!2i768!4f13.1!4m13!3e6!4m5!1s0x3bc3a7993ac2d5ed%3A0xd8c93645fbe0645!2sGirls%20Hostel(Old)%2C%204FPX%2BM66%2C%20Malegaon%20Budruk%2C%20Maharashtra%20413115!3m2!1d18.1366648!2d74.4980023!4m5!1s0x3bc3a732c5a07ed5%3A0xbf2fff855b6e9dbe!2sSharad%20Sabhagruh%2C%20Malegaon%20Budruk%2C%20Maharashtra!3m2!1d18.136561699999998!2d74.4986176!5e1!3m2!1sen!2sin!4v1649769093463!5m2!1sen!2sin
girls hostel,SVPM office/Pharmacy Building,https://www.google.com/maps/embed?pb=!1m28!1m12!1m3!1d3524.9860433563586!2d74.49649834265254!3d18.137101538135965!2m3!1f0!2f0!3f0!3m2!1i1024!2i768!4f13.1!4m13!3e6!4m5!1s0x3bc3a7993ac2d5ed%3A0xd8c93645fbe0645!2sGirls%20Hostel(Old)%2C%204FPX%2BM66%2C%20Malegaon%20Budruk%2C%20Maharashtra%20413115!3m2!1d18.1366648!2d74.4980023!4m5!1s0x3bc3a733588029df%3A0x24c0458db414da42!2sSVPM;s%20College%20Of%20Pharmacy%2C%20Malegaon%20Budruk%2C%20Maharashtra!3m2!1d18.1375383!2d74.49916139999999!5e1!3m2!1sen!2sin!4v1649769233683!5m2!1sen!2sin
boys hostel,svpm gate,https://www.google.com/maps/embed?pb=!1m28!1m12!1m3!1d1762.4907936853588!2d74.49845040803154!3d18.137322646908334!2m3!1f0!2f0!3f0!3m2!1i1024!2i768!4f13.1!4m13!3e6!4m5!1s0x3bc3a7331355d1e1%3A0xb3b7710b3ec4c16d!2sBoys%20Canteen%2C%204FQX%2BG2H%2C%20Malegaon%20Budruk%2C%20Maharashtra%20413115!3m2!1d18.1388012!2d74.49756119999999!4m5!1s0x3bc3a167c2f059a9%3A0xaab3e377f1250224!2sSVPM%20GATE%20NO%201%2C%20Malegaon%20Budruk%2C%20Maharashtra!3m2!1d18.1360867!2d74.50114289999999!5e1!3m2!1sen!2sin!4v1649772034514!5m2!1sen!2sin
boys hostel,girls hostel,https://www.google.com/maps/embed?pb=!1m27!1m12!1m3!1d3524.970031633296!2d74.49615206468225!3d18.137896037632927!2m3!1f0!2f0!3f0!3m2!1i1024!2i768!4f13.1!4m12!3e6!4m5!1s0x3bc3a7331355d1e1%3A0xb3b7710b3ec4c16d!2sBoys%20Canteen%2C%204FQX%2BG2H%2C%20Malegaon%20Budruk%2C%20Maharashtra%20413115!3m2!1d18.1388012!2d74.49756119999999!4m4!1s0x0%3A0xd8c93645fbe0645!3m2!1d18.1366648!2d74.4980023!5e1!3m2!1sen!2sin!4v1649771897101!5m2!1sen!2sin
boys hostel,Playground,https://www.google.com/maps/embed?pb=!1m28!1m12!1m3!1d1762.4907936853585!2d74.4979251080316!3d18.13732264690836!2m3!1f0!2f0!3f0!3m2!1i1024!2i768!4f13.1!4m13!3e6!4m5!1s0x3bc3a7331355d1e1%3A0xb3b7710b3ec4c16d!2sBoys%20Canteen%2C%204FQX%2BG2H%2C%20Malegaon%20Budruk%2C%20Maharashtra%20413115!3m2!1d18.1388012!2d74.49756119999999!4m5!1s0x3bc3a12a7ebaf46d%3A0x74a2314d46e93d78!2sCollege%20Play%20Ground%2C%20Nira-Baramati%20Road%2C%20Malegaon%20Budruk%2C%20Maharashtra!3m2!1d18.1365324!2d74.49998819999999!5e1!3m2!1sen!2sin!4v1649772217894!5m2!1sen!2sin
boys hostel,Cafeteria,https://www.google.com/maps/embed?pb=!1m28!1m12!1m3!1d1762.47861229747!2d74.49680965799944!3d18.138531496908143!2m3!1f0!2f0!3f0!3m2!1i1024!2i768!4f13.1!4m13!3e6!4m5!1s0x3bc3a7331355d1e1%3A0xb3b7710b3ec4c16d!2sBoys%20Canteen%2C%204FQX%2BG2H%2C%20Malegaon%20Budruk%2C%20Maharashtra%20413115!3m2!1d18.1388012!2d74.49756119999999!4m5!1s0x3bc3a733395a296b%3A0x909f5953f9592008!2sCafeteria%2C%20Malegaon%20Budruk%2C%20Maharashtra!3m2!1d18.138552699999998!2d74.49840739999999!5e1!3m2!1sen!2sin!4v1649772272159!5m2!1sen!2sin
boys hostel,Parking,https://www.google.com/maps/embed?pb=!1m28!1m12!1m3!1d1762.475725671705!2d74.4971313079994!3d18.13881794690812!2m3!1f0!2f0!3f0!3m2!1i1024!2i768!4f13.1!4m13!3e6!4m5!1s0x3bc3a7331355d1e1%3A0xb3b7710b3ec4c16d!2sBoys%20Canteen%2C%204FQX%2BG2H%2C%20Malegaon%20Budruk%2C%20Maharashtra%20413115!3m2!1d18.1388012!2d74.49756119999999!4m5!1s0x3bc3a7334ec245f7%3A0x5219bb30325a621d!2sParking%2C%20Unnamed%20Road%2C%20Malegaon%20Budruk%2C%20Maharashtra!3m2!1d18.1393678!2d74.498952!5e1!3m2!1sen!2sin!4v1649772434759!5m2!1sen!2sin
boys hostel,Electrical Engg Building,https://www.google.com/maps/embed?pb=!1m28!1m12!1m3!1d3524.939343438818!2d74.49584141468226!3d18.139418687632073!2m3!1f0!2f0!3f0!3m2!1i1024!2i768!4f13.1!4m13!3e6!4m5!1s0x3bc3a7331355d1e1%3A0xb3b7710b3ec4c16d!2sBoys%20Canteen%2C%204FQX%2BG2H%2C%20Malegaon%20Budruk%2C%20Maharashtra%20413115!3m2!1d18.1388012!2d74.49756119999999!4m5!1s0x3bc3a7335b14fbc5%3A0xb6dc5dafd2a44489!2sElectrical%20Engg%20Department%20SVPM%20COE%2C%20Malegaon%20Budruk%2C%20Maharashtra!3m2!1d18.140275499999998!2d74.497483!5e1!3m2!1sen!2sin!4v1649772515898!5m2!1sen!2sin
boys hostel,Management Building,https://www.google.com/maps/embed?pb=!1m27!1m12!1m3!1d3608.863030591614!2d74.4968926109604!3d18.13958539606332!2m3!1f0!2f0!3f0!3m2!1i1024!2i768!4f13.1!4m12!3e2!4m5!1s0x3bc3a7331355d1e1%3A0xb3b7710b3ec4c16d!2sBoys%20Canteen%2C%20Malegaon%20Budruk%2C%20Maharashtra!3m2!1d18.1388012!2d74.49756119999999!4m4!1s0x3bc3a0d255555551%3A0x84c7f5fb7a271301!3m2!1d18.1408254!2d74.4972533!5e1!3m2!1sen!2sin!4v1649868730027!5m2!1sen!2sin
boys hostel,College of Engg,https://www.google.com/maps/embed?pb=!1m27!1m12!1m3!1d1762.4703395797876!2d74.49726298546999!3d18.13935241601378!2m3!1f0!2f0!3f0!3m2!1i1024!2i768!4f13.1!4m12!3e6!4m5!1s0x3bc3a7331355d1e1%3A0xb3b7710b3ec4c16d!2sBoys%20Canteen%2C%204FQX%2BG2H%2C%20Malegaon%20Budruk%2C%20Maharashtra%20413115!3m2!1d18.1388012!2d74.49756119999999!4m4!1s0x3bc3a0cd33c822f3%3A0xaed54077fcb25400!3m2!1d18.139147299999998!2d74.4986887!5e1!3m2!1sen!2sin!4v1649772611725!5m2!1sen!2sin
boys hostel,Diploma COE,https://www.google.com/maps/embed?pb=!1m28!1m12!1m3!1d3524.9647513410764!2d74.49607721468233!3d18.138158037632817!2m3!1f0!2f0!3f0!3m2!1i1024!2i768!4f13.1!4m13!3e6!4m5!1s0x3bc3a7331355d1e1%3A0xb3b7710b3ec4c16d!2sBoys%20Canteen%2C%204FQX%2BG2H%2C%20Malegaon%20Budruk%2C%20Maharashtra%20413115!3m2!1d18.1388012!2d74.49756119999999!4m5!1s0x3bc3a733319ec153%3A0xcdbe3e0d9574bae!2sDIPLOMA%20COLLEGE%20OF%20ENGG.%2C%20Malegaon%20Budruk%2C%20Maharashtra!3m2!1d18.138378499999998!2d74.4990098!5e1!3m2!1sen!2sin!4v1649772687661!5m2!1sen!2sin
boys hostel,Sharad hall,https://www.google.com/maps/embed?pb=!1m28!1m12!1m3!1d3524.974375726839!2d74.49581991468231!3d18.13768048763308!2m3!1f0!2f0!3f0!3m2!1i1024!2i768!4f13.1!4m13!3e6!4m5!1s0x3bc3a7331355d1e1%3A0xb3b7710b3ec4c16d!2sBoys%20Canteen%2C%204FQX%2BG2H%2C%20Malegaon%20Budruk%2C%20Maharashtra%20413115!3m2!1d18.1388012!2d74.49756119999999!4m5!1s0x3bc3a732c5a07ed5%3A0xbf2fff855b6e9dbe!2sSharad%20Sabhagruh%2C%20Malegaon%20Budruk%2C%20Maharashtra!3m2!1d18.136561699999998!2d74.4986176!5e1!3m2!1sen!2sin!4v1649772740348!5m2!1sen!2sin
boys hostel,SVPM office/Pharmacy Building,https://www.google.com/maps/embed?pb=!1m28!1m12!1m3!1d3524.970031633296!2d74.49615206468225!3d18.137896037632927!2m3!1f0!2f0!3f0!3m2!1i1024!2i768!4f13.1!4m13!3e6!4m5!1s0x3bc3a7331355d1e1%3A0xb3b7710b3ec4c16d!2sBoys%20Canteen%2C%204FQX%2BG2H%2C%20Malegaon%20Budruk%2C%20Maharashtra%20413115!3m2!1d18.1388012!2d74.49756119999999!4m5!1s0x3bc3a733588029df%3A0x24c0458db414da42!2sSVPM;s%20College%20Of%20Pharmacy%2C%20Malegaon%20Budruk%2C%20Maharashtra!3m2!1d18.1375383!2d74.49916139999999!5e1!3m2!1sen!2sin!4v1649771338545!5m2!1sen!2sin
playground,svpm gate,https://www.google.com/maps/embed?pb=!1m28!1m12!1m3!1d3525.003820735313!2d74.49835246468224!3d18.136219387633936!2m3!1f0!2f0!3f0!3m2!1i1024!2i768!4f13.1!4m13!3e6!4m5!1s0x3bc3a12a7ebaf46d%3A0x74a2314d46e93d78!2sCollege%20Play%20Ground%2C%20Nira-Baramati%20Road%2C%20Malegaon%20Budruk%2C%20Maharashtra!3m2!1d18.1365324!2d74.49998819999999!4m5!1s0x3bc3a167c2f059a9%3A0xaab3e377f1250224!2sSVPM%20GATE%20NO%201%2C%20Malegaon%20Budruk%2C%20Maharashtra!3m2!1d18.1360867!2d74.50114289999999!5e1!3m2!1sen!2sin!4v1649779640890!5m2!1sen!2sin
playground,girls hostel,https://www.google.com/maps/embed?pb=!1m28!1m12!1m3!1d1762.4953089180017!2d74.49792510803154!3d18.1368745469084!2m3!1f0!2f0!3f0!3m2!1i1024!2i768!4f13.1!4m13!3e6!4m5!1s0x3bc3a12a7ebaf46d%3A0x74a2314d46e93d78!2sCollege%20Play%20Ground%2C%20Nira-Baramati%20Road%2C%20Malegaon%20Budruk%2C%20Maharashtra!3m2!1d18.1365324!2d74.49998819999999!4m5!1s0x3bc3a7993ac2d5ed%3A0xd8c93645fbe0645!2sGirls%20Hostel(Old)%2C%204FPX%2BM66%2C%20Malegaon%20Budruk%2C%20Maharashtra%20413115!3m2!1d18.1366648!2d74.4980023!5e1!3m2!1sen!2sin!4v1649780145057!5m2!1sen!2sin
playground,boys hostel,https://www.google.com/maps/embed?pb=!1m28!1m12!1m3!1d1762.4892444147742!2d74.4979251080316!3d18.137476396908312!2m3!1f0!2f0!3f0!3m2!1i1024!2i768!4f13.1!4m13!3e6!4m5!1s0x3bc3a12a7ebaf46d%3A0x74a2314d46e93d78!2sCollege%20Play%20Ground%2C%20Nira-Baramati%20Road%2C%20Malegaon%20Budruk%2C%20Maharashtra!3m2!1d18.1365324!2d74.49998819999999!4m5!1s0x3bc3a7331355d1e1%3A0xb3b7710b3ec4c16d!2sBoys%20Canteen%2C%20Malegaon%20Budruk%2C%20Maharashtra!3m2!1d18.1388012!2d74.49756119999999!5e1!3m2!1sen!2sin!4v1649780208807!5m2!1sen!2sin
playground,Cafeteria,https://www.google.com/maps/embed?pb=!1m28!1m12!1m3!1d1762.4892444147742!2d74.49860325803158!3d18.137476396908312!2m3!1f0!2f0!3f0!3m2!1i1024!2i768!4f13.1!4m13!3e6!4m5!1s0x3bc3a12a7ebaf46d%3A0x74a2314d46e93d78!2sCollege%20Play%20Ground%2C%20Nira-Baramati%20Road%2C%20Malegaon%20Budruk%2C%20Maharashtra!3m2!1d18.1365324!2d74.49998819999999!4m5!1s0x3bc3a733395a296b%3A0x909f5953f9592008!2sCafeteria%2C%20Malegaon%20Budruk%2C%20Maharashtra!3m2!1d18.138552699999998!2d74.49840739999999!5e1!3m2!1sen!2sin!4v1649780330346!5m2!1sen!2sin
playground,Parking,https://www.google.com/maps/embed?pb=!1m28!1m12!1m3!1d3524.97581467793!2d74.49810201468229!3d18.1376090876332!2m3!1f0!2f0!3f0!3m2!1i1024!2i768!4f13.1!4m13!3e6!4m5!1s0x3bc3a12a7ebaf46d%3A0x74a2314d46e93d78!2sCollege%20Play%20Ground%2C%20Nira-Baramati%20Road%2C%20Malegaon%20Budruk%2C%20Maharashtra!3m2!1d18.1365324!2d74.49998819999999!4m5!1s0x3bc3a7334ec245f7%3A0x5219bb30325a621d!2sParking%2C%20Unnamed%20Road%2C%20Malegaon%20Budruk%2C%20Maharashtra!3m2!1d18.1393678!2d74.498952!5e1!3m2!1sen!2sin!4v1649780391763!5m2!1sen!2sin
playground,Electrical Engg Building,https://www.google.com/maps/embed?pb=!1m27!1m12!1m3!1d3524.97581467793!2d74.49810201468229!3d18.1376090876332!2m3!1f0!2f0!3f0!3m2!1i1024!2i768!4f13.1!4m12!3e6!4m5!1s0x3bc3a12a7ebaf46d%3A0x74a2314d46e93d78!2sCollege%20Play%20Ground%2C%20Nira-Baramati%20Road%2C%20Malegaon%20Budruk%2C%20Maharashtra!3m2!1d18.1365324!2d74.49998819999999!4m4!1s0x3bc3a7335b14fbc5%3A0xb6dc5dafd2a44489!3m2!1d18.140275499999998!2d74.497483!5e1!3m2!1sen!2sin!4v1649780797414!5m2!1sen!2sin
playground,Management Building,https://www.google.com/maps/embed?pb=!1m25!1m12!1m3!1d3608.8876273688657!2d74.49708961468633!3d18.138393385484918!2m3!1f0!2f0!3f0!3m2!1i1024!2i768!4f13.1!4m10!3e2!4m3!3m2!1d18.1368793!2d74.4998147!4m4!1s0x3bc3a0d255555551%3A0x84c7f5fb7a271301!3m2!1d18.1408254!2d74.4972533!5e1!3m2!1sen!2sin!4v1649868928838!5m2!1sen!2sin
playground,College of Engg,https://www.google.com/maps/embed?pb=!1m28!1m12!1m3!1d2227.022711661237!2d74.4992518981228!3d18.137289272566093!2m3!1f0!2f0!3f0!3m2!1i1024!2i768!4f13.1!4m13!3e6!4m5!1s0x3bc3a12a7ebaf46d%3A0x74a2314d46e93d78!2sCollege%20Play%20Ground%2C%20Nira-Baramati%20Road%2C%20Malegaon%20Budruk%2C%20Maharashtra!3m2!1d18.1365324!2d74.49998819999999!4m5!1s0x3bc3a0cd33c822f3%3A0xaed54077fcb25400!2sMalegaon%20College%20of%20Engineering%2C%20Malegaon%20Budruk%2C%20Maharashtra!3m2!1d18.139147299999998!2d74.4986887!5e1!3m2!1sen!2sin!4v1649780869875!5m2!1sen!2sin
playground,Diploma COE,https://www.google.com/maps/embed?pb=!1m28!1m12!1m3!1d1762.4929319098335!2d74.49792510803154!3d18.137110446908366!2m3!1f0!2f0!3f0!3m2!1i1024!2i768!4f13.1!4m13!3e6!4m5!1s0x3bc3a12a7ebaf46d%3A0x74a2314d46e93d78!2sCollege%20Play%20Ground%2C%20Nira-Baramati%20Road%2C%20Malegaon%20Budruk%2C%20Maharashtra!3m2!1d18.1365324!2d74.49998819999999!4m5!1s0x3bc3a733319ec153%3A0xcdbe3e0d9574bae!2sDIPLOMA%20COLLEGE%20OF%20ENGG.%2C%20Malegaon%20Budruk%2C%20Maharashtra!3m2!1d18.138378499999998!2d74.4990098!5e1!3m2!1sen!2sin!4v1649780938678!5m2!1sen!2sin
playground,Sharad hall,https://www.google.com/maps/embed?pb=!1m28!1m12!1m3!1d1762.4953089179967!2d74.49792510803154!3d18.1368745469084!2m3!1f0!2f0!3f0!3m2!1i1024!2i768!4f13.1!4m13!3e6!4m5!1s0x3bc3a12a7ebaf46d%3A0x74a2314d46e93d78!2sCollege%20Play%20Ground%2C%20Nira-Baramati%20Road%2C%20Malegaon%20Budruk%2C%20Maharashtra!3m2!1d18.1365324!2d74.49998819999999!4m5!1s0x3bc3a732c5a07ed5%3A0xbf2fff855b6e9dbe!2sSharad%20Sabhagruh%2C%20Malegaon%20Budruk%2C%20Maharashtra!3m2!1d18.136561699999998!2d74.4986176!5e1!3m2!1sen!2sin!4v1649781016112!5m2!1sen!2sin
playground,SVPM office/Pharmacy Building,https://www.google.com/maps/embed?pb=!1m27!1m12!1m3!1d1762.4953089179967!2d74.49792510803154!3d18.1368745469084!2m3!1f0!2f0!3f0!3m2!1i1024!2i768!4f13.1!4m12!3e6!4m5!1s0x3bc3a12a7ebaf46d%3A0x74a2314d46e93d78!2sCollege%20Play%20Ground%2C%20Nira-Baramati%20Road%2C%20Malegaon%20Budruk%2C%20Maharashtra!3m2!1d18.1365324!2d74.49998819999999!4m4!1s0x3bc3a733588029df%3A0x24c0458db414da42!3m2!1d18.1375383!2d74.49916139999999!5e1!3m2!1sen!2sin!4v1649781185961!5m2!1sen!2sin
Cafeteria,svpm gate,https://www.google.com/maps/embed?pb=!1m28!1m12!1m3!1d1762.4892444147742!2d74.49860325803158!3d18.137476396908312!2m3!1f0!2f0!3f0!3m2!1i1024!2i768!4f13.1!4m13!3e6!4m5!1s0x3bc3a733395a296b%3A0x909f5953f9592008!2sCafeteria%2C%20Malegaon%20Budruk%2C%20Maharashtra!3m2!1d18.138552699999998!2d74.49840739999999!4m5!1s0x3bc3a167c2f059a9%3A0xaab3e377f1250224!2sSVPM%20GATE%20NO%201%2C%20Malegaon%20Budruk%2C%20Maharashtra!3m2!1d18.1360867!2d74.50114289999999!5e1!3m2!1sen!2sin!4v1649782073364!5m2!1sen!2sin
Cafeteria,girls hostel,https://www.google.com/maps/embed?pb=!1m27!1m12!1m3!1d1762.4892444147742!2d74.49860325803158!3d18.137476396908312!2m3!1f0!2f0!3f0!3m2!1i1024!2i768!4f13.1!4m12!3e6!4m5!1s0x3bc3a733395a296b%3A0x909f5953f9592008!2sCafeteria%2C%20Malegaon%20Budruk%2C%20Maharashtra!3m2!1d18.138552699999998!2d74.49840739999999!4m4!1s0x0%3A0xd8c93645fbe0645!3m2!1d18.1366648!2d74.4980023!5e1!3m2!1sen!2sin!4v1649782151996!5m2!1sen!2sin
Cafeteria,boys hostel,https://www.google.com/maps/embed?pb=!1m27!1m12!1m3!1d1762.4892444147742!2d74.49860325803158!3d18.137476396908312!2m3!1f0!2f0!3f0!3m2!1i1024!2i768!4f13.1!4m12!3e6!4m5!1s0x3bc3a733395a296b%3A0x909f5953f9592008!2sCafeteria%2C%20Malegaon%20Budruk%2C%20Maharashtra!3m2!1d18.138552699999998!2d74.49840739999999!4m4!1s0x3bc3a7331355d1e1%3A0xb3b7710b3ec4c16d!3m2!1d18.1388012!2d74.49756119999999!5e1!3m2!1sen!2sin!4v1649782217071!5m2!1sen!2sin
Cafeteria,Playground,https://www.google.com/maps/embed?pb=!1m28!1m12!1m3!1d1762.4892444147742!2d74.49860325803158!3d18.137476396908312!2m3!1f0!2f0!3f0!3m2!1i1024!2i768!4f13.1!4m13!3e6!4m5!1s0x3bc3a733395a296b%3A0x909f5953f9592008!2sCafeteria%2C%20Malegaon%20Budruk%2C%20Maharashtra!3m2!1d18.138552699999998!2d74.49840739999999!4m5!1s0x3bc3a12a7ebaf46d%3A0x74a2314d46e93d78!2sCollege%20Play%20Ground%2C%20Nira-Baramati%20Road%2C%20Malegaon%20Budruk%2C%20Maharashtra!3m2!1d18.1365324!2d74.49998819999999!5e1!3m2!1sen!2sin!4v1649782308685!5m2!1sen!2sin
Cafeteria,Parking,https://www.google.com/maps/embed?pb=!1m28!1m12!1m3!1d3524.9485180116626!2d74.49650646468233!3d18.138963487632367!2m3!1f0!2f0!3f0!3m2!1i1024!2i768!4f13.1!4m13!3e6!4m5!1s0x3bc3a733395a296b%3A0x909f5953f9592008!2sCafeteria%2C%20Malegaon%20Budruk%2C%20Maharashtra!3m2!1d18.138552699999998!2d74.49840739999999!4m5!1s0x3bc3a7334ec245f7%3A0x5219bb30325a621d!2sParking%2C%20Unnamed%20Road%2C%20Malegaon%20Budruk%2C%20Maharashtra!3m2!1d18.1393678!2d74.498952!5e1!3m2!1sen!2sin!4v1649782396119!5m2!1sen!2sin
Cafeteria,Electrical Engg Building,https://www.google.com/maps/embed?pb=!1m27!1m12!1m3!1d3524.9485180116626!2d74.49650646468233!3d18.138963487632367!2m3!1f0!2f0!3f0!3m2!1i1024!2i768!4f13.1!4m12!3e6!4m5!1s0x3bc3a733395a296b%3A0x909f5953f9592008!2sCafeteria%2C%20Malegaon%20Budruk%2C%20Maharashtra!3m2!1d18.138552699999998!2d74.49840739999999!4m4!1s0x3bc3a7335b14fbc5%3A0xb6dc5dafd2a44489!3m2!1d18.140275499999998!2d74.497483!5e1!3m2!1sen!2sin!4v1649782435190!5m2!1sen!2sin
Cafeteria,Management Building,https://www.google.com/maps/embed?pb=!1m27!1m12!1m3!1d3608.859976766544!2d74.49596381468645!3d18.139733385445027!2m3!1f0!2f0!3f0!3m2!1i1024!2i768!4f13.1!4m12!3e2!4m5!1s0x3bc3a733395a296b%3A0x909f5953f9592008!2sCafeteria%2C%20Malegaon%20Budruk%2C%20Maharashtra!3m2!1d18.138552699999998!2d74.49840739999999!4m4!1s0x3bc3a0d255555551%3A0x84c7f5fb7a271301!3m2!1d18.1408254!2d74.4972533!5e1!3m2!1sen!2sin!4v1649868972544!5m2!1sen!2sin
Cafeteria,College of Engg,https://www.google.com/maps/embed?pb=!1m28!1m12!1m3!1d3524.9508206897126!2d74.49639111468231!3d18.138849237632364!2m3!1f0!2f0!3f0!3m2!1i1024!2i768!4f13.1!4m13!3e6!4m5!1s0x3bc3a733395a296b%3A0x909f5953f9592008!2sCafeteria%2C%20Malegaon%20Budruk%2C%20Maharashtra!3m2!1d18.138552699999998!2d74.49840739999999!4m5!1s0x3bc3a0cd33c822f3%3A0xaed54077fcb25400!2sMalegaon%20College%20of%20Engineering%2C%20Malegaon%20Budruk%2C%20Maharashtra!3m2!1d18.139147299999998!2d74.4986887!5e1!3m2!1sen!2sin!4v1649782482414!5m2!1sen!2sin
Cafeteria,Diploma COE,https://www.google.com/maps/embed?pb=!1m28!1m12!1m3!1d3524.966236682637!2d74.49623006468225!3d18.13808433763285!2m3!1f0!2f0!3f0!3m2!1i1024!2i768!4f13.1!4m13!3e6!4m5!1s0x3bc3a733395a296b%3A0x909f5953f9592008!2sCafeteria%2C%20Malegaon%20Budruk%2C%20Maharashtra!3m2!1d18.138552699999998!2d74.49840739999999!4m5!1s0x3bc3a733319ec153%3A0xcdbe3e0d9574bae!2sDIPLOMA%20COLLEGE%20OF%20ENGG.%2C%20Malegaon%20Budruk%2C%20Maharashtra!3m2!1d18.138378499999998!2d74.4990098!5e1!3m2!1sen!2sin!4v1649782523722!5m2!1sen!2sin
Cafeteria,Sharad hall,https://www.google.com/maps/embed?pb=!1m28!1m12!1m3!1d3524.9758610306053!2d74.49597276468229!3d18.13760678763316!2m3!1f0!2f0!3f0!3m2!1i1024!2i768!4f13.1!4m13!3e6!4m5!1s0x3bc3a733395a296b%3A0x909f5953f9592008!2sCafeteria%2C%20Malegaon%20Budruk%2C%20Maharashtra!3m2!1d18.138552699999998!2d74.49840739999999!4m5!1s0x3bc3a732c5a07ed5%3A0xbf2fff855b6e9dbe!2sSharad%20Sabhagruh%2C%20Malegaon%20Budruk%2C%20Maharashtra!3m2!1d18.136561699999998!2d74.4986176!5e1!3m2!1sen!2sin!4v1649782584811!5m2!1sen!2sin
Cafeteria,SVPM office/Pharmacy Building,https://www.google.com/maps/embed?pb=!1m27!1m12!1m3!1d3524.9669329974645!2d74.49666576468225!3d18.138049787632905!2m3!1f0!2f0!3f0!3m2!1i1024!2i768!4f13.1!4m12!3e6!4m5!1s0x3bc3a733395a296b%3A0x909f5953f9592008!2sCafeteria%2C%20Malegaon%20Budruk%2C%20Maharashtra!3m2!1d18.138552699999998!2d74.49840739999999!4m4!1s0x3bc3a733588029df%3A0x24c0458db414da42!3m2!1d18.1375383!2d74.49916139999999!5e1!3m2!1sen!2sin!4v1649781995469!5m2!1sen!2sin
parking,svpm gate,https://www.google.com/maps/embed?pb=!1m28!1m12!1m3!1d3791.570624191387!2d74.49810201468229!3d18.1376090876332!2m3!1f0!2f0!3f0!3m2!1i1024!2i768!4f13.1!4m13!3e6!4m5!1s0x3bc3a7334ec245f7%3A0x5219bb30325a621d!2sParking%2C%20Unnamed%20Road%2C%20Malegaon%20Budruk%2C%20Maharashtra!3m2!1d18.1393678!2d74.498952!4m5!1s0x3bc3a167c2f059a9%3A0xaab3e377f1250224!2sSVPM%20GATE%20NO%201%2C%204GP2%2BCFJ%2C%20Malegaon%20Budruk%2C%20Maharashtra%20413115!3m2!1d18.1360867!2d74.50114289999999!5e0!3m2!1sen!2sin!4v1649785141237!5m2!1sen!2sin
parking,girls hostel,https://www.google.com/maps/embed?pb=!1m28!1m12!1m3!1d1895.7808550440363!2d74.49776010803153!3d18.138020296908227!2m3!1f0!2f0!3f0!3m2!1i1024!2i768!4f13.1!4m13!3e6!4m5!1s0x3bc3a7334ec245f7%3A0x5219bb30325a621d!2sParking%2C%20Unnamed%20Road%2C%20Malegaon%20Budruk%2C%20Maharashtra!3m2!1d18.1393678!2d74.498952!4m5!1s0x3bc3a7993ac2d5ed%3A0xd8c93645fbe0645!2sGirls%20Hostel(Old)%2C%204FPX%2BM66%2C%20Malegaon%20Budruk%2C%20Maharashtra%20413115!3m2!1d18.1366648!2d74.4980023!5e0!3m2!1sen!2sin!4v1649785269234!5m2!1sen!2sin
parking,boys hostel,https://www.google.com/maps/embed?pb=!1m28!1m12!1m3!1d1895.772209125866!2d74.4971313079994!3d18.13881794690812!2m3!1f0!2f0!3f0!3m2!1i1024!2i768!4f13.1!4m13!3e6!4m5!1s0x3bc3a7334ec245f7%3A0x5219bb30325a621d!2sParking%2C%20Unnamed%20Road%2C%20Malegaon%20Budruk%2C%20Maharashtra%20413115!3m2!1d18.1393678!2d74.498952!4m5!1s0x3bc3a7331355d1e1%3A0xb3b7710b3ec4c16d!2sBoys%20Canteen%2C%20Malegaon%20Budruk%2C%20Maharashtra!3m2!1d18.1388012!2d74.49756119999999!5e0!3m2!1sen!2sin!4v1649785334530!5m2!1sen!2sin
parking,Playground,https://www.google.com/maps/embed?pb=!1m28!1m12!1m3!1d3791.570624191387!2d74.49810201468229!3d18.1376090876332!2m3!1f0!2f0!3f0!3m2!1i1024!2i768!4f13.1!4m13!3e6!4m5!1s0x3bc3a7334ec245f7%3A0x5219bb30325a621d!2sParking%2C%20Unnamed%20Road%2C%20Malegaon%20Budruk%2C%20Maharashtra!3m2!1d18.1393678!2d74.498952!4m5!1s0x3bc3a12a7ebaf46d%3A0x74a2314d46e93d78!2sCollege%20Play%20Ground%2C%20Nira-Baramati%20Road%2C%20Malegaon%20Budruk%2C%20Maharashtra!3m2!1d18.1365324!2d74.49998819999999!5e0!3m2!1sen!2sin!4v1649786819600!5m2!1sen!2sin
parking,Cafeteria,https://www.google.com/maps/embed?pb=!1m28!1m12!1m3!1d3791.5412630713686!2d74.49650646468233!3d18.138963487632367!2m3!1f0!2f0!3f0!3m2!1i1024!2i768!4f13.1!4m13!3e6!4m5!1s0x3bc3a7334ec245f7%3A0x5219bb30325a621d!2sParking%2C%20Unnamed%20Road%2C%20Malegaon%20Budruk%2C%20Maharashtra!3m2!1d18.1393678!2d74.498952!4m5!1s0x3bc3a733395a296b%3A0x909f5953f9592008!2sCafeteria%2C%20Malegaon%20Budruk%2C%20Maharashtra!3m2!1d18.138552699999998!2d74.49840739999999!5e0!3m2!1sen!2sin!4v1649786887353!5m2!1sen!2sin
parking,Electrical Engg Building,https://www.google.com/maps/embed?pb=!1m28!1m12!1m3!1d3791.5198207879944!2d74.49603461468233!3d18.139952537631693!2m3!1f0!2f0!3f0!3m2!1i1024!2i768!4f13.1!4m13!3e6!4m5!1s0x3bc3a7334ec245f7%3A0x5219bb30325a621d!2sParking%2C%20Unnamed%20Road%2C%20Malegaon%20Budruk%2C%20Maharashtra!3m2!1d18.1393678!2d74.498952!4m5!1s0x3bc3a7335b14fbc5%3A0xb6dc5dafd2a44489!2sElectrical%20Engg%20Department%20SVPM%20COE%2C%20Malegaon%20Budruk%2C%20Maharashtra!3m2!1d18.140275499999998!2d74.497483!5e0!3m2!1sen!2sin!4v1649786943978!5m2!1sen!2sin
parking,Management Building,https://www.google.com/maps/embed?pb=!1m27!1m12!1m3!1d3608.851963913425!2d74.49591976468638!3d18.140121685433552!2m3!1f0!2f0!3f0!3m2!1i1024!2i768!4f13.1!4m12!3e2!4m5!1s0x3bc3a7334ec245f7%3A0x5219bb30325a621d!2sParking%2C%20Unnamed%20Road%2C%20Malegaon%20Budruk%2C%20Maharashtra%20413115!3m2!1d18.1393678!2d74.498952!4m4!1s0x3bc3a0d255555551%3A0x84c7f5fb7a271301!3m2!1d18.1408254!2d74.4972533!5e1!3m2!1sen!2sin!4v1649869009870!5m2!1sen!2sin
parking,College of Engg,https://www.google.com/maps/embed?pb=!1m28!1m12!1m3!1d3791.5368123268404!2d74.49668151468232!3d18.139168787632265!2m3!1f0!2f0!3f0!3m2!1i1024!2i768!4f13.1!4m13!3e6!4m5!1s0x3bc3a7334ec245f7%3A0x5219bb30325a621d!2sParking%2C%20Unnamed%20Road%2C%20Malegaon%20Budruk%2C%20Maharashtra!3m2!1d18.1393678!2d74.498952!4m5!1s0x3bc3a0cd33c822f3%3A0xaed54077fcb25400!2sMalegaon%20College%20of%20Engineering%2C%20Malegaon%20Budruk%2C%20Maharashtra!3m2!1d18.139147299999998!2d74.4986887!5e0!3m2!1sen!2sin!4v1649786980559!5m2!1sen!2sin
parking,Diploma COE,https://www.google.com/maps/embed?pb=!1m28!1m12!1m3!1d3791.552514371139!2d74.49623006468225!3d18.138444487632654!2m3!1f0!2f0!3f0!3m2!1i1024!2i768!4f13.1!4m13!3e6!4m5!1s0x3bc3a7334ec245f7%3A0x5219bb30325a621d!2sParking%2C%20Unnamed%20Road%2C%20Malegaon%20Budruk%2C%20Maharashtra!3m2!1d18.1393678!2d74.498952!4m5!1s0x3bc3a733319ec153%3A0xcdbe3e0d9574bae!2sDIPLOMA%20COLLEGE%20OF%20ENGG.%2C%20Malegaon%20Budruk%2C%20Maharashtra!3m2!1d18.138378499999998!2d74.4990098!5e0!3m2!1sen!2sin!4v1649787037908!5m2!1sen!2sin
parking,Sharad hall,https://www.google.com/maps/embed?pb=!1m28!1m12!1m3!1d1895.781433304273!2d74.49776010803153!3d18.137966946908254!2m3!1f0!2f0!3f0!3m2!1i1024!2i768!4f13.1!4m13!3e6!4m5!1s0x3bc3a7334ec245f7%3A0x5219bb30325a621d!2sParking%2C%20Unnamed%20Road%2C%20Malegaon%20Budruk%2C%20Maharashtra!3m2!1d18.1393678!2d74.498952!4m5!1s0x3bc3a732c5a07ed5%3A0xbf2fff855b6e9dbe!2sSharad%20Sabhagruh%2C%20Malegaon%20Budruk%2C%20Maharashtra!3m2!1d18.136561699999998!2d74.4986176!5e0!3m2!1sen!2sin!4v1649787452099!5m2!1sen!2sin
parking,SVPM office/Pharmacy Building,https://www.google.com/maps/embed?pb=!1m28!1m12!1m3!1d1895.777031548156!2d74.49835320799944!3d18.13837304690819!2m3!1f0!2f0!3f0!3m2!1i1024!2i768!4f13.1!4m13!3e6!4m5!1s0x3bc3a7334ec245f7%3A0x5219bb30325a621d!2sParking%2C%20Unnamed%20Road%2C%20Malegaon%20Budruk%2C%20Maharashtra!3m2!1d18.1393678!2d74.498952!4m5!1s0x3bc3a733588029df%3A0x24c0458db414da42!2sSVPM;s%20College%20Of%20Pharmacy%2C%20Malegaon%20Budruk%2C%20Maharashtra!3m2!1d18.1375383!2d74.49916139999999!5e0!3m2!1sen!2sin!4v1649787503327!5m2!1sen!2sin
Electrical Engg Building,svpm gate,https://www.google.com/maps/embed?pb=!1m28!1m12!1m3!1d3791.555257776728!2d74.49739776468229!3d18.138317937632724!2m3!1f0!2f0!3f0!3m2!1i1024!2i768!4f13.1!4m13!3e6!4m5!1s0x3bc3a7335b14fbc5%3A0xb6dc5dafd2a44489!2sElectrical%20Engg%20Department%20SVPM%20COE%2C%20Malegaon%20Budruk%2C%20Maharashtra!3m2!1d18.140275499999998!2d74.497483!4m5!1s0x3bc3a167c2f059a9%3A0xaab3e377f1250224!2sSVPM%20GATE%20NO%201%2C%20Malegaon%20Budruk%2C%20Maharashtra!3m2!1d18.1360867!2d74.50114289999999!5e0!3m2!1sen!2sin!4v1649787562675!5m2!1sen!2sin
Electrical Engg Building,girls hostel,https://www.google.com/maps/embed?pb=!1m28!1m12!1m3!1d3791.548687013039!2d74.49584246468228!3d18.13862103763255!2m3!1f0!2f0!3f0!3m2!1i1024!2i768!4f13.1!4m13!3e6!4m5!1s0x3bc3a7335b14fbc5%3A0xb6dc5dafd2a44489!2sElectrical%20Engg%20Department%20SVPM%20COE%2C%20Malegaon%20Budruk%2C%20Maharashtra!3m2!1d18.140275499999998!2d74.497483!4m5!1s0x3bc3a7993ac2d5ed%3A0xd8c93645fbe0645!2sGirls%20Hostel(Old)%2C%204FPX%2BM66%2C%20Malegaon%20Budruk%2C%20Maharashtra%20413115!3m2!1d18.1366648!2d74.4980023!5e0!3m2!1sen!2sin!4v1649787729439!5m2!1sen!2sin
Electrical Engg Building,boys hostel,https://www.google.com/maps/embed?pb=!1m28!1m12!1m3!1d3791.527108537763!2d74.49546711468237!3d18.139616387631985!2m3!1f0!2f0!3f0!3m2!1i1024!2i768!4f13.1!4m13!3e6!4m5!1s0x3bc3a7335b14fbc5%3A0xb6dc5dafd2a44489!2sElectrical%20Engg%20Department%20SVPM%20COE%2C%20Malegaon%20Budruk%2C%20Maharashtra!3m2!1d18.140275499999998!2d74.497483!4m5!1s0x3bc3a7331355d1e1%3A0xb3b7710b3ec4c16d!2sBoys%20Canteen%2C%20Malegaon%20Budruk%2C%20Maharashtra!3m2!1d18.1388012!2d74.49756119999999!5e0!3m2!1sen!2sin!4v1649787666986!5m2!1sen!2sin
Electrical Engg Building,Playground,https://www.google.com/maps/embed?pb=!1m28!1m12!1m3!1d3791.5549456082376!2d74.4973268646823!3d18.13833233763271!2m3!1f0!2f0!3f0!3m2!1i1024!2i768!4f13.1!4m13!3e6!4m5!1s0x3bc3a7335b14fbc5%3A0xb6dc5dafd2a44489!2sElectrical%20Engg%20Department%20SVPM%20COE%2C%20Malegaon%20Budruk%2C%20Maharashtra!3m2!1d18.140275499999998!2d74.497483!4m5!1s0x3bc3a12a7ebaf46d%3A0x74a2314d46e93d78!2sCollege%20Play%20Ground%2C%20Nira-Baramati%20Rd%2C%20Malegaon%20Budruk%2C%20Maharashtra%20413115!3m2!1d18.1365324!2d74.49998819999999!5e0!3m2!1sen!2sin!4v1649787886654!5m2!1sen!2sin
Electrical Engg Building,Cafeteria,https://www.google.com/maps/embed?pb=!1m28!1m12!1m3!1d3791.5282391408264!2d74.49607866468236!3d18.139564237631998!2m3!1f0!2f0!3f0!3m2!1i1024!2i768!4f13.1!4m13!3e6!4m5!1s0x3bc3a7335b14fbc5%3A0xb6dc5dafd2a44489!2sElectrical%20Engg%20Department%20SVPM%20COE%2C%20Malegaon%20Budruk%2C%20Maharashtra!3m2!1d18.140275499999998!2d74.497483!4m5!1s0x3bc3a733395a296b%3A0x909f5953f9592008!2sCafeteria%2C%20Malegaon%20Budruk%2C%20Maharashtra!3m2!1d18.138552699999998!2d74.49840739999999!5e0!3m2!1sen!2sin!4v1649787937575!5m2!1sen!2sin
Electrical Engg Building,parking,https://www.google.com/maps/embed?pb=!1m28!1m12!1m3!1d3791.5198207879944!2d74.49603461468233!3d18.139952537631693!2m3!1f0!2f0!3f0!3m2!1i1024!2i768!4f13.1!4m13!3e6!4m5!1s0x3bc3a7335b14fbc5%3A0xb6dc5dafd2a44489!2sElectrical%20Engg%20Department%20SVPM%20COE%2C%20Malegaon%20Budruk%2C%20Maharashtra!3m2!1d18.140275499999998!2d74.497483!4m5!1s0x3bc3a7334ec245f7%3A0x5219bb30325a621d!2sParking%2C%20Unnamed%20Road%2C%20Malegaon%20Budruk%2C%20Maharashtra!3m2!1d18.1393678!2d74.498952!5e0!3m2!1sen!2sin!4v1649787991004!5m2!1sen!2sin
Electrical Engg Building,Management Building,https://www.google.com/maps/embed?pb=!1m27!1m12!1m3!1d3608.8421854492417!2d74.49530966468646!3d18.140595535419372!2m3!1f0!2f0!3f0!3m2!1i1024!2i768!4f13.1!4m12!3e2!4m5!1s0x3bc3a7335b14fbc5%3A0xb6dc5dafd2a44489!2sElectrical%20Engg%20Department%20SVPM%20COE%2C%20Malegaon%20Budruk%2C%20Maharashtra!3m2!1d18.140275499999998!2d74.497483!4m4!1s0x3bc3a0d255555551%3A0x84c7f5fb7a271301!3m2!1d18.1408254!2d74.4972533!5e1!3m2!1sen!2sin!4v1649869048905!5m2!1sen!2sin
Electrical Engg Building,College of Engg,https://www.google.com/maps/embed?pb=!1m28!1m12!1m3!1d3791.523788253852!2d74.49607866468236!3d18.13976953763186!2m3!1f0!2f0!3f0!3m2!1i1024!2i768!4f13.1!4m13!3e6!4m5!1s0x3bc3a7335b14fbc5%3A0xb6dc5dafd2a44489!2sElectrical%20Engg%20Department%20SVPM%20COE%2C%20Malegaon%20Budruk%2C%20Maharashtra!3m2!1d18.140275499999998!2d74.497483!4m5!1s0x3bc3a0cd33c822f3%3A0xaed54077fcb25400!2sMalegaon%20College%20of%20Engineering%2C%20Malegaon%20Budruk%2C%20Maharashtra!3m2!1d18.139147299999998!2d74.4986887!5e0!3m2!1sen!2sin!4v1649788064099!5m2!1sen!2sin
Electrical Engg Building,Diploma COE,https://www.google.com/maps/embed?pb=!1m28!1m12!1m3!1d1895.769745299806!2d74.49697705803162!3d18.13904524690807!2m3!1f0!2f0!3f0!3m2!1i1024!2i768!4f13.1!4m13!3e6!4m5!1s0x3bc3a7335b14fbc5%3A0xb6dc5dafd2a44489!2sElectrical%20Engg%20Department%20SVPM%20COE%2C%20Malegaon%20Budruk%2C%20Maharashtra!3m2!1d18.140275499999998!2d74.497483!4m5!1s0x3bc3a733319ec153%3A0xcdbe3e0d9574bae!2sDIPLOMA%20COLLEGE%20OF%20ENGG.%2C%20Malegaon%20Budruk%2C%20Maharashtra!3m2!1d18.138378499999998!2d74.4990098!5e0!3m2!1sen!2sin!4v1649788136557!5m2!1sen!2sin
Electrical Engg Building,Sharad hall,https://www.google.com/maps/embed?pb=!1m28!1m12!1m3!1d3791.5498435705285!2d74.49584246468228!3d18.138567687632563!2m3!1f0!2f0!3f0!3m2!1i1024!2i768!4f13.1!4m13!3e6!4m5!1s0x3bc3a7335b14fbc5%3A0xb6dc5dafd2a44489!2sElectrical%20Engg%20Department%20SVPM%20COE%2C%20Malegaon%20Budruk%2C%20Maharashtra!3m2!1d18.140275499999998!2d74.497483!4m5!1s0x3bc3a732c5a07ed5%3A0xbf2fff855b6e9dbe!2sSharad%20Sabhagruh%2C%20Malegaon%20Budruk%2C%20Maharashtra!3m2!1d18.136561699999998!2d74.4986176!5e0!3m2!1sen!2sin!4v1649788202816!5m2!1sen!2sin
Electrical Engg Building,SVPM office/Pharmacy Building,https://www.google.com/maps/embed?pb=!1m28!1m12!1m3!1d3791.5428272157633!2d74.49664741468229!3d18.13889133763244!2m3!1f0!2f0!3f0!3m2!1i1024!2i768!4f13.1!4m13!3e6!4m5!1s0x3bc3a7335b14fbc5%3A0xb6dc5dafd2a44489!2sElectrical%20Engg%20Department%20SVPM%20COE%2C%20Malegaon%20Budruk%2C%20Maharashtra!3m2!1d18.140275499999998!2d74.497483!4m5!1s0x3bc3a733588029df%3A0x24c0458db414da42!2sSVPM;s%20College%20Of%20Pharmacy%2C%20Malegaon%20Budruk%2C%20Maharashtra!3m2!1d18.1375383!2d74.49916139999999!5e0!3m2!1sen!2sin!4v1649788264271!5m2!1sen!2sin
Management Building,svpm gate,https://www.google.com/maps/embed?pb=!1m26!1m12!1m3!1d1527.8043790415654!2d74.49883249132944!3d18.136705616686047!2m3!1f0!2f0!3f0!3m2!1i1024!2i768!4f13.1!4m11!3e2!4m5!1s0x3bc3a0d255555551%3A0x84c7f5fb7a271301!2sShiv%20Nagar%20Prasarak%20Mandal;s%20College%20of%20Commerce%20Science%20and%20Computer%20Education%2C%20Malegaon%20Bk%2C%20Baramati%2C%20Maharashtra%20413115!3m2!1d18.1408254!2d74.4972533!4m3!3m2!1d18.1360215!2d74.5012397!5e1!3m2!1sen!2sin!4v1649869414331!5m2!1sen!2sin
Management Building,girls hostel,https://www.google.com/maps/embed?pb=!1m26!1m12!1m3!1d3608.887627368875!2d74.49709066468641!3d18.138393385484903!2m3!1f0!2f0!3f0!3m2!1i1024!2i768!4f13.1!4m11!3e2!4m5!1s0x3bc3a0d255555551%3A0x84c7f5fb7a271301!2sShiv%20Nagar%20Prasarak%20Mandal;s%20College%20of%20Commerce%20Science%20and%20Computer%20Education%2C%20Malegaon%20Bk%2C%20Baramati%2C%20Maharashtra%20413115!3m2!1d18.1408254!2d74.4972533!4m3!3m2!1d18.1366142!2d74.4978524!5e1!3m2!1sen!2sin!4v1649869468736!5m2!1sen!2sin
Management Building,boys hostel,https://www.google.com/maps/embed?pb=!1m26!1m12!1m3!1d822.1688284488231!2d74.49756288744516!3d18.138853951011495!2m3!1f0!2f0!3f0!3m2!1i1024!2i768!4f13.1!4m11!3e2!4m5!1s0x3bc3a0d255555551%3A0x84c7f5fb7a271301!2sShiv%20Nagar%20Prasarak%20Mandal;s%20College%20of%20Commerce%20Science%20and%20Computer%20Education%2C%20Malegaon%20Bk%2C%20Baramati%2C%20Maharashtra%20413115!3m2!1d18.1408254!2d74.4972533!4m3!3m2!1d18.1390572!2d74.4978953!5e1!3m2!1sen!2sin!4v1649869520196!5m2!1sen!2sin
Management Building,Playground,https://www.google.com/maps/embed?pb=!1m26!1m12!1m3!1d902.2310318834468!2d74.49923597888949!3d18.136624372646907!2m3!1f0!2f0!3f0!3m2!1i1024!2i768!4f13.1!4m11!3e2!4m5!1s0x3bc3a0d255555551%3A0x84c7f5fb7a271301!2sShiv%20Nagar%20Prasarak%20Mandal;s%20College%20of%20Commerce%20Science%20and%20Computer%20Education%2C%20Malegaon%20Bk%2C%20Baramati%2C%20Maharashtra%20413115!3m2!1d18.1408254!2d74.4972533!4m3!3m2!1d18.1368296!2d74.4999843!5e1!3m2!1sen!2sin!4v1649869595224!5m2!1sen!2sin
Management Building,Cafeteria,https://www.google.com/maps/embed?pb=!1m28!1m12!1m3!1d3608.859976766544!2d74.49596381468645!3d18.139733385445027!2m3!1f0!2f0!3f0!3m2!1i1024!2i768!4f13.1!4m13!3e2!4m5!1s0x3bc3a0d255555551%3A0x84c7f5fb7a271301!2sShiv%20Nagar%20Prasarak%20Mandal;s%20College%20of%20Commerce%20Science%20and%20Computer%20Education%2C%20Malegaon%20Bk%2C%20Baramati%2C%20Maharashtra%20413115!3m2!1d18.1408254!2d74.4972533!4m5!1s0x3bc3a733395a296b%3A0x909f5953f9592008!2sCafeteria%2C%20Malegaon%20Budruk%2C%20Maharashtra!3m2!1d18.138552699999998!2d74.49840739999999!5e1!3m2!1sen!2sin!4v1649869669730!5m2!1sen!2sin
Management Building,Parking,https://www.google.com/maps/embed?pb=!1m27!1m12!1m3!1d902.2194745806493!2d74.49899994449628!3d18.138864884191534!2m3!1f0!2f0!3f0!3m2!1i1024!2i768!4f13.1!4m12!3e2!4m5!1s0x3bc3a0d255555551%3A0x84c7f5fb7a271301!2sShiv%20Nagar%20Prasarak%20Mandal;s%20College%20of%20Commerce%20Science%20and%20Computer%20Education%2C%20Malegaon%20Bk%2C%20Baramati%2C%20Maharashtra%20413115!3m2!1d18.1408254!2d74.4972533!4m4!1s0x3bc3a7334ec245f7%3A0x5219bb30325a621d!3m2!1d18.1393678!2d74.498952!5e1!3m2!1sen!2sin!4v1649869636850!5m2!1sen!2sin
Management Building,Electrical Engg Building,https://www.google.com/maps/embed?pb=!1m28!1m12!1m3!1d3608.8421854492417!2d74.49530966468646!3d18.140595535419372!2m3!1f0!2f0!3f0!3m2!1i1024!2i768!4f13.1!4m13!3e2!4m5!1s0x3bc3a0d255555551%3A0x84c7f5fb7a271301!2sShiv%20Nagar%20Prasarak%20Mandal;s%20College%20of%20Commerce%20Science%20and%20Computer%20Education%2C%20Malegaon%20Bk%2C%20Baramati%2C%20Maharashtra%20413115!3m2!1d18.1408254!2d74.4972533!4m5!1s0x3bc3a7335b14fbc5%3A0xb6dc5dafd2a44489!2sElectrical%20Engg%20Department%20SVPM%20COE%2C%20Malegaon%20Budruk%2C%20Maharashtra!3m2!1d18.140275499999998!2d74.497483!5e1!3m2!1sen!2sin!4v1649869712458!5m2!1sen!2sin
Management Building,College of Engg,https://www.google.com/maps/embed?pb=!1m28!1m12!1m3!1d3608.8557402722704!2d74.49596381468645!3d18.13993868543895!2m3!1f0!2f0!3f0!3m2!1i1024!2i768!4f13.1!4m13!3e2!4m5!1s0x3bc3a0d255555551%3A0x84c7f5fb7a271301!2sShiv%20Nagar%20Prasarak%20Mandal;s%20College%20of%20Commerce%20Science%20and%20Computer%20Education%2C%20Malegaon%20Bk%2C%20Baramati%2C%20Maharashtra%20413115!3m2!1d18.1408254!2d74.4972533!4m5!1s0x3bc3a0cd33c822f3%3A0xaed54077fcb25400!2sMalegaon%20College%20of%20Engineering%2C%20Malegaon%20Budruk%2C%20Maharashtra!3m2!1d18.139147299999998!2d74.4986887!5e1!3m2!1sen!2sin!4v1649869747520!5m2!1sen!2sin
Management Building,Diploma COE,https://www.google.com/maps/embed?pb=!1m26!1m12!1m3!1d1804.4353694278914!2d74.49697705803263!3d18.139211845820643!2m3!1f0!2f0!3f0!3m2!1i1024!2i768!4f13.1!4m11!3e2!4m5!1s0x3bc3a0d255555551%3A0x84c7f5fb7a271301!2sShiv%20Nagar%20Prasarak%20Mandal;s%20College%20of%20Commerce%20Science%20and%20Computer%20Education%2C%20Malegaon%20Bk%2C%20Baramati%2C%20Maharashtra%20413115!3m2!1d18.1408254!2d74.4972533!4m3!3m2!1d18.1385976!2d74.4991979!5e1!3m2!1sen!2sin!4v1649869797140!5m2!1sen!2sin
Management Building,Sharad hall,https://www.google.com/maps/embed?pb=!1m26!1m12!1m3!1d1804.4546715321083!2d74.49825378952373!3d18.137340935156672!2m3!1f0!2f0!3f0!3m2!1i1024!2i768!4f13.1!4m11!3e2!4m5!1s0x3bc3a0d255555551%3A0x84c7f5fb7a271301!2sShiv%20Nagar%20Prasarak%20Mandal;s%20College%20of%20Commerce%20Science%20and%20Computer%20Education%2C%20Malegaon%20Bk%2C%20Baramati%2C%20Maharashtra%20413115!3m2!1d18.1408254!2d74.4972533!4m3!3m2!1d18.136828599999998!2d74.4985971!5e1!3m2!1sen!2sin!4v1649869830709!5m2!1sen!2sin
Management Building,SVPM office/Pharmacy Building,https://www.google.com/maps/embed?pb=!1m28!1m12!1m3!1d3608.876092768017!2d74.49653256468645!3d18.138952385468325!2m3!1f0!2f0!3f0!3m2!1i1024!2i768!4f13.1!4m13!3e2!4m5!1s0x3bc3a0d255555551%3A0x84c7f5fb7a271301!2sShiv%20Nagar%20Prasarak%20Mandal;s%20College%20of%20Commerce%20Science%20and%20Computer%20Education%2C%20Malegaon%20Bk%2C%20Baramati%2C%20Maharashtra%20413115!3m2!1d18.1408254!2d74.4972533!4m5!1s0x3bc3a733588029df%3A0x24c0458db414da42!2sSVPM;s%20College%20Of%20Pharmacy%2C%20Malegaon%20Budruk%2C%20Maharashtra!3m2!1d18.1375383!2d74.49916139999999!5e1!3m2!1sen!2sin!4v1649869859575!5m2!1sen!2sin
College of Engg,svpm gate,https://www.google.com/maps/embed?pb=!1m28!1m12!1m3!1d1895.7865503208889!2d74.4990949580316!3d18.137494846908282!2m3!1f0!2f0!3f0!3m2!1i1024!2i768!4f13.1!4m13!3e6!4m5!1s0x3bc3a0cd33c822f3%3A0xaed54077fcb25400!2sMalegaon%20College%20of%20Engineering%2C%20Malegaon%20Budruk%2C%20Maharashtra!3m2!1d18.139147299999998!2d74.4986887!4m5!1s0x3bc3a167c2f059a9%3A0xaab3e377f1250224!2sSVPM%20GATE%20NO%201%2C%20Malegaon%20Budruk%2C%20Maharashtra!3m2!1d18.1360867!2d74.50114289999999!5e0!3m2!1sen!2sin!4v1649788517339!5m2!1sen!2sin
College of Engg,girls hostel,https://www.google.com/maps/embed?pb=!1m28!1m12!1m3!1d1895.7820933968924!2d74.49776010799943!3d18.13790604690824!2m3!1f0!2f0!3f0!3m2!1i1024!2i768!4f13.1!4m13!3e6!4m5!1s0x3bc3a0cd33c822f3%3A0xaed54077fcb25400!2sMalegaon%20College%20of%20Engineering%2C%20Malegaon%20Budruk%2C%20Maharashtra!3m2!1d18.139147299999998!2d74.4986887!4m5!1s0x3bc3a7993ac2d5ed%3A0xd8c93645fbe0645!2sGirls%20Hostel(Old)%2C%204FPX%2BM66%2C%20Malegaon%20Budruk%2C%20Maharashtra%20413115!3m2!1d18.1366648!2d74.4980023!5e0!3m2!1sen!2sin!4v1649788573428!5m2!1sen!2sin
College of Engg,boys hostel,https://www.google.com/maps/embed?pb=!1m28!1m12!1m3!1d1895.7734475313496!2d74.49701595799942!3d18.13870369690812!2m3!1f0!2f0!3f0!3m2!1i1024!2i768!4f13.1!4m13!3e6!4m5!1s0x3bc3a0cd33c822f3%3A0xaed54077fcb25400!2sMalegaon%20College%20of%20Engineering%2C%20Malegaon%20Budruk%2C%20Maharashtra!3m2!1d18.139147299999998!2d74.4986887!4m5!1s0x3bc3a7331355d1e1%3A0xb3b7710b3ec4c16d!2sBoys%20Canteen%2C%20Malegaon%20Budruk%2C%20Maharashtra!3m2!1d18.1388012!2d74.49756119999999!5e0!3m2!1sen!2sin!4v1649788618996!5m2!1sen!2sin
College of Engg,Playground,https://www.google.com/maps/embed?pb=!1m28!1m12!1m3!1d1895.7865503208889!2d74.4990949580316!3d18.137494846908282!2m3!1f0!2f0!3f0!3m2!1i1024!2i768!4f13.1!4m13!3e6!4m5!1s0x3bc3a0cd33c822f3%3A0xaed54077fcb25400!2sMalegaon%20College%20of%20Engineering%2C%20Malegaon%20Budruk%2C%20Maharashtra!3m2!1d18.139147299999998!2d74.4986887!4m5!1s0x3bc3a12a7ebaf46d%3A0x74a2314d46e93d78!2sCollege%20Play%20Ground%2C%20Nira-Baramati%20Road%2C%20Malegaon%20Budruk%2C%20Maharashtra!3m2!1d18.1365324!2d74.49998819999999!5e0!3m2!1sen!2sin!4v1649788699367!5m2!1sen!2sin
College of Engg,Cafeteria,https://www.google.com/maps/embed?pb=!1m28!1m12!1m3!1d1895.7718698502258!2d74.49748545799942!3d18.13884924690811!2m3!1f0!2f0!3f0!3m2!1i1024!2i768!4f13.1!4m13!3e6!4m5!1s0x3bc3a0cd33c822f3%3A0xaed54077fcb25400!2sMalegaon%20College%20of%20Engineering%2C%20Malegaon%20Budruk%2C%20Maharashtra!3m2!1d18.139147299999998!2d74.4986887!4m5!1s0x3bc3a733395a296b%3A0x909f5953f9592008!2sCafeteria%2C%20Malegaon%20Budruk%2C%20Maharashtra!3m2!1d18.138552699999998!2d74.49840739999999!5e0!3m2!1sen!2sin!4v1649788775678!5m2!1sen!2sin
College of Engg,Parking,https://www.google.com/maps/embed?pb=!1m28!1m12!1m3!1d1895.7684060628733!2d74.49777585799944!3d18.139168796908073!2m3!1f0!2f0!3f0!3m2!1i1024!2i768!4f13.1!4m13!3e6!4m5!1s0x3bc3a0cd33c822f3%3A0xaed54077fcb25400!2sMalegaon%20College%20of%20Engineering%2C%20Malegaon%20Budruk%2C%20Maharashtra!3m2!1d18.139147299999998!2d74.4986887!4m5!1s0x3bc3a7334ec245f7%3A0x5219bb30325a621d!2sParking%2C%20Unnamed%20Road%2C%20Malegaon%20Budruk%2C%20Maharashtra!3m2!1d18.1393678!2d74.498952!5e0!3m2!1sen!2sin!4v1649788828459!5m2!1sen!2sin
College of Engg,Electrical Engg Building,https://www.google.com/maps/embed?pb=!1m28!1m12!1m3!1d1895.761894026373!2d74.49717300799941!3d18.13976954690796!2m3!1f0!2f0!3f0!3m2!1i1024!2i768!4f13.1!4m13!3e6!4m5!1s0x3bc3a0cd33c822f3%3A0xaed54077fcb25400!2sMalegaon%20College%20of%20Engineering%2C%20Malegaon%20Budruk%2C%20Maharashtra!3m2!1d18.139147299999998!2d74.4986887!4m5!1s0x3bc3a7335b14fbc5%3A0xb6dc5dafd2a44489!2sElectrical%20Engg%20Department%20SVPM%20COE%2C%20Malegaon%20Budruk%2C%20Maharashtra!3m2!1d18.140275499999998!2d74.497483!5e0!3m2!1sen!2sin!4v1649788884847!5m2!1sen!2sin
College of Engg,Management Building,https://www.google.com/maps/embed?pb=!1m27!1m12!1m3!1d3608.8557402722704!2d74.49596381468645!3d18.13993868543895!2m3!1f0!2f0!3f0!3m2!1i1024!2i768!4f13.1!4m12!3e2!4m5!1s0x3bc3a0cd33c822f3%3A0xaed54077fcb25400!2sMalegaon%20College%20of%20Engineering%2C%20Malegaon%20Budruk%2C%20Maharashtra!3m2!1d18.139147299999998!2d74.4986887!4m4!1s0x3bc3a0d255555551%3A0x84c7f5fb7a271301!3m2!1d18.1408254!2d74.4972533!5e1!3m2!1sen!2sin!4v1649869139988!5m2!1sen!2sin
College of Engg,Diploma COE,https://www.google.com/maps/embed?pb=!1m28!1m12!1m3!1d3791.554991132824!2d74.49623006468225!3d18.13833023763272!2m3!1f0!2f0!3f0!3m2!1i1024!2i768!4f13.1!4m13!3e6!4m5!1s0x3bc3a0cd33c822f3%3A0xaed54077fcb25400!2sMalegaon%20College%20of%20Engineering%2C%20Malegaon%20Budruk%2C%20Maharashtra!3m2!1d18.139147299999998!2d74.4986887!4m5!1s0x3bc3a733319ec153%3A0xcdbe3e0d9574bae!2sDIPLOMA%20COLLEGE%20OF%20ENGG.%2C%20Malegaon%20Budruk%2C%20Maharashtra!3m2!1d18.138378499999998!2d74.4990098!5e0!3m2!1sen!2sin!4v1649788938747!5m2!1sen!2sin
College of Engg,Sharad hall,https://www.google.com/maps/embed?pb=!1m28!1m12!1m3!1d3791.565343508285!2d74.49666576468225!3d18.137852687633032!2m3!1f0!2f0!3f0!3m2!1i1024!2i768!4f13.1!4m13!3e6!4m5!1s0x3bc3a0cd33c822f3%3A0xaed54077fcb25400!2sMalegaon%20College%20of%20Engineering%2C%20Malegaon%20Budruk%2C%20Maharashtra!3m2!1d18.139147299999998!2d74.4986887!4m5!1s0x3bc3a732c5a07ed5%3A0xbf2fff855b6e9dbe!2sSharad%20Sabhagruh%2C%20Malegaon%20Budruk%2C%20Maharashtra!3m2!1d18.136561699999998!2d74.4986176!5e0!3m2!1sen!2sin!4v1649788992313!5m2!1sen!2sin
College of Engg,SVPM office/Pharmacy Building,https://www.google.com/maps/embed?pb=!1m28!1m12!1m3!1d3791.5565400496466!2d74.49715746468232!3d18.138258787632775!2m3!1f0!2f0!3f0!3m2!1i1024!2i768!4f13.1!4m13!3e6!4m5!1s0x3bc3a0cd33c822f3%3A0xaed54077fcb25400!2sMalegaon%20College%20of%20Engineering%2C%20Malegaon%20Budruk%2C%20Maharashtra!3m2!1d18.139147299999998!2d74.4986887!4m5!1s0x3bc3a733588029df%3A0x24c0458db414da42!2sSVPM;s%20College%20Of%20Pharmacy%2C%20Malegaon%20Budruk%2C%20Maharashtra!3m2!1d18.1375383!2d74.49916139999999!5e0!3m2!1sen!2sin!4v1649788460171!5m2!1sen!2sin
Diploma COE,svpm gate,https://www.google.com/maps/embed?pb=!1m28!1m12!1m3!1d1895.790716676124!2d74.49886750803155!3d18.137110446908352!2m3!1f0!2f0!3f0!3m2!1i1024!2i768!4f13.1!4m13!3e6!4m5!1s0x3bc3a733319ec153%3A0xcdbe3e0d9574bae!2sDIPLOMA%20COLLEGE%20OF%20ENGG.%2C%20Malegaon%20Budruk%2C%20Maharashtra!3m2!1d18.138378499999998!2d74.4990098!4m5!1s0x3bc3a167c2f059a9%3A0xaab3e377f1250224!2sSVPM%20GATE%20NO%201%2C%20Malegaon%20Budruk%2C%20Maharashtra!3m2!1d18.1360867!2d74.50114289999999!5e0!3m2!1sen!2sin!4v1649789606052!5m2!1sen!2sin
Diploma COE,girls hostel,https://www.google.com/maps/embed?pb=!1m28!1m12!1m3!1d3791.5725198878763!2d74.49637856468227!3d18.137521637633224!2m3!1f0!2f0!3f0!3m2!1i1024!2i768!4f13.1!4m13!3e6!4m5!1s0x3bc3a733319ec153%3A0xcdbe3e0d9574bae!2sDIPLOMA%20COLLEGE%20OF%20ENGG.%2C%20Malegaon%20Budruk%2C%20Maharashtra!3m2!1d18.138378499999998!2d74.4990098!4m5!1s0x3bc3a7993ac2d5ed%3A0xd8c93645fbe0645!2sGirls%20Hostel(Old)%2C%204FPX%2BM66%2C%20Malegaon%20Budruk%2C%20Maharashtra%20413115!3m2!1d18.1366648!2d74.4980023!5e0!3m2!1sen!2sin!4v1649789552006!5m2!1sen!2sin
Diploma COE,boys hostel,https://www.google.com/maps/embed?pb=!1m28!1m12!1m3!1d3791.5587241315784!2d74.49607721468233!3d18.138158037632817!2m3!1f0!2f0!3f0!3m2!1i1024!2i768!4f13.1!4m13!3e6!4m5!1s0x3bc3a733319ec153%3A0xcdbe3e0d9574bae!2sDIPLOMA%20COLLEGE%20OF%20ENGG.%2C%20Malegaon%20Budruk%2C%20Maharashtra!3m2!1d18.138378499999998!2d74.4990098!4m5!1s0x3bc3a7331355d1e1%3A0xb3b7710b3ec4c16d!2sBoys%20Canteen%2C%20Malegaon%20Budruk%2C%20Maharashtra!3m2!1d18.1388012!2d74.49756119999999!5e0!3m2!1sen!2sin!4v1649789442575!5m2!1sen!2sin
Diploma COE,Playground,https://www.google.com/maps/embed?pb=!1m28!1m12!1m3!1d1895.7907166761238!2d74.49792510803154!3d18.137110446908366!2m3!1f0!2f0!3f0!3m2!1i1024!2i768!4f13.1!4m13!3e6!4m5!1s0x3bc3a733319ec153%3A0xcdbe3e0d9574bae!2sDIPLOMA%20COLLEGE%20OF%20ENGG.%2C%20Malegaon%20Budruk%2C%20Maharashtra!3m2!1d18.138378499999998!2d74.4990098!4m5!1s0x3bc3a12a7ebaf46d%3A0x74a2314d46e93d78!2sCollege%20Play%20Ground%2C%20Nira-Baramati%20Road%2C%20Malegaon%20Budruk%2C%20Maharashtra!3m2!1d18.1365324!2d74.49998819999999!5e0!3m2!1sen!2sin!4v1649789670565!5m2!1sen!2sin
Diploma COE,Cafeteria,https://www.google.com/maps/embed?pb=!1m28!1m12!1m3!1d3791.560321809895!2d74.49623006468225!3d18.13808433763285!2m3!1f0!2f0!3f0!3m2!1i1024!2i768!4f13.1!4m13!3e6!4m5!1s0x3bc3a733319ec153%3A0xcdbe3e0d9574bae!2sDIPLOMA%20COLLEGE%20OF%20ENGG.%2C%20Malegaon%20Budruk%2C%20Maharashtra!3m2!1d18.138378499999998!2d74.4990098!4m5!1s0x3bc3a733395a296b%3A0x909f5953f9592008!2sCafeteria%2C%20Malegaon%20Budruk%2C%20Maharashtra!3m2!1d18.138552699999998!2d74.49840739999999!5e0!3m2!1sen!2sin!4v1649789353520!5m2!1sen!2sin
Diploma COE,Parking,https://www.google.com/maps/embed?pb=!1m28!1m12!1m3!1d3791.5581940998695!2d74.49666576468225!3d18.138182487632815!2m3!1f0!2f0!3f0!3m2!1i1024!2i768!4f13.1!4m13!3e6!4m5!1s0x3bc3a733319ec153%3A0xcdbe3e0d9574bae!2sDIPLOMA%20COLLEGE%20OF%20ENGG.%2C%20Malegaon%20Budruk%2C%20Maharashtra!3m2!1d18.138378499999998!2d74.4990098!4m5!1s0x3bc3a7334ec245f7%3A0x5219bb30325a621d!2sParking%2C%20Unnamed%20Road%2C%20Malegaon%20Budruk%2C%20Maharashtra!3m2!1d18.1393678!2d74.498952!5e0!3m2!1sen!2sin!4v1649789397647!5m2!1sen!2sin
Diploma COE,Electrical Engg Building,https://www.google.com/maps/embed?pb=!1m28!1m12!1m3!1d3791.5451707112225!2d74.49631736468231!3d18.13878323763245!2m3!1f0!2f0!3f0!3m2!1i1024!2i768!4f13.1!4m13!3e6!4m5!1s0x3bc3a733319ec153%3A0xcdbe3e0d9574bae!2sDIPLOMA%20COLLEGE%20OF%20ENGG.%2C%20Malegaon%20Budruk%2C%20Maharashtra!3m2!1d18.138378499999998!2d74.4990098!4m5!1s0x3bc3a7335b14fbc5%3A0xb6dc5dafd2a44489!2sElectrical%20Engg%20Department%20SVPM%20COE%2C%20Malegaon%20Budruk%2C%20Maharashtra!3m2!1d18.140275499999998!2d74.497483!5e0!3m2!1sen!2sin!4v1649789282652!5m2!1sen!2sin
Diploma COE,Management Building,https://www.google.com/maps/embed?pb=!1m25!1m12!1m3!1d3608.8760927680173!2d74.4964397646864!3d18.138952385468286!2m3!1f0!2f0!3f0!3m2!1i1024!2i768!4f13.1!4m10!3e2!4m3!3m2!1d18.1384579!2d74.4994653!4m4!1s0x3bc3a0d255555551%3A0x84c7f5fb7a271301!3m2!1d18.1408254!2d74.4972533!5e1!3m2!1sen!2sin!4v1649869209915!5m2!1sen!2sin
Diploma COE,College of Engg,https://www.google.com/maps/embed?pb=!1m28!1m12!1m3!1d3791.554991132824!2d74.49623006468225!3d18.13833023763272!2m3!1f0!2f0!3f0!3m2!1i1024!2i768!4f13.1!4m13!3e6!4m5!1s0x3bc3a733319ec153%3A0xcdbe3e0d9574bae!2sDIPLOMA%20COLLEGE%20OF%20ENGG.%2C%20Malegaon%20Budruk%2C%20Maharashtra!3m2!1d18.138378499999998!2d74.4990098!4m5!1s0x3bc3a0cd33c822f3%3A0xaed54077fcb25400!2sMalegaon%20College%20of%20Engineering%2C%20Malegaon%20Budruk%2C%20Maharashtra!3m2!1d18.139147299999998!2d74.4986887!5e0!3m2!1sen!2sin!4v1649789232106!5m2!1sen!2sin
Diploma COE,Sharad hall,https://www.google.com/maps/embed?pb=!1m28!1m12!1m3!1d3791.573676377625!2d74.49649431468228!3d18.137468287633187!2m3!1f0!2f0!3f0!3m2!1i1024!2i768!4f13.1!4m13!3e6!4m5!1s0x3bc3a733319ec153%3A0xcdbe3e0d9574bae!2sDIPLOMA%20COLLEGE%20OF%20ENGG.%2C%20Malegaon%20Budruk%2C%20Maharashtra!3m2!1d18.138378499999998!2d74.4990098!4m5!1s0x3bc3a732c5a07ed5%3A0xbf2fff855b6e9dbe!2sSharad%20Sabhagruh%2C%20Malegaon%20Budruk%2C%20Maharashtra!3m2!1d18.136561699999998!2d74.4986176!5e0!3m2!1sen!2sin!4v1649789083168!5m2!1sen!2sin
Diploma COE,SVPM office/Pharmacy Building,https://www.google.com/maps/embed?pb=!1m28!1m12!1m3!1d3791.569003792019!2d74.49656916468224!3d18.137683837633098!2m3!1f0!2f0!3f0!3m2!1i1024!2i768!4f13.1!4m13!3e6!4m5!1s0x3bc3a733319ec153%3A0xcdbe3e0d9574bae!2sDIPLOMA%20COLLEGE%20OF%20ENGG.%2C%20Malegaon%20Budruk%2C%20Maharashtra!3m2!1d18.138378499999998!2d74.4990098!4m5!1s0x3bc3a733588029df%3A0x24c0458db414da42!2sSVPM;s%20College%20Of%20Pharmacy%2C%20Malegaon%20Budruk%2C%20Maharashtra!3m2!1d18.1375383!2d74.49916139999999!5e0!3m2!1sen!2sin!4v1649789129561!5m2!1sen!2sin
Sharad hall,svpm gate,https://www.google.com/maps/embed?pb=!1m28!1m12!1m3!1d1895.7976114597327!2d74.49883375803155!3d18.136474296908474!2m3!1f0!2f0!3f0!3m2!1i1024!2i768!4f13.1!4m13!3e6!4m5!1s0x3bc3a732c5a07ed5%3A0xbf2fff855b6e9dbe!2sSharad%20Sabhagruh%2C%20Malegaon%20Budruk%2C%20Maharashtra!3m2!1d18.136561699999998!2d74.4986176!4m5!1s0x3bc3a167c2f059a9%3A0xaab3e377f1250224!2sSVPM%20GATE%20NO%201%2C%20Malegaon%20Budruk%2C%20Maharashtra!3m2!1d18.1360867!2d74.50114289999999!5e0!3m2!1sen!2sin!4v1649790256399!5m2!1sen!2sin
Sharad hall,girls hostel,https://www.google.com/maps/embed?pb=!1m28!1m12!1m3!1d1895.7961054980985!2d74.49721560799946!3d18.13661324690844!2m3!1f0!2f0!3f0!3m2!1i1024!2i768!4f13.1!4m13!3e6!4m5!1s0x3bc3a732c5a07ed5%3A0xbf2fff855b6e9dbe!2sSharad%20Sabhagruh%2C%20Malegaon%20Budruk%2C%20Maharashtra!3m2!1d18.136561699999998!2d74.4986176!4m5!1s0x3bc3a7993ac2d5ed%3A0xd8c93645fbe0645!2sGirls%20Hostel(Old)%2C%204FPX%2BM66%2C%20Malegaon%20Budruk%2C%20Maharashtra%20413115!3m2!1d18.1366648!2d74.4980023!5e0!3m2!1sen!2sin!4v1649790334089!5m2!1sen!2sin
Sharad hall,boys hostel,https://www.google.com/maps/embed?pb=!1m28!1m12!1m3!1d3791.5690764120623!2d74.49581991468231!3d18.13768048763308!2m3!1f0!2f0!3f0!3m2!1i1024!2i768!4f13.1!4m13!3e6!4m5!1s0x3bc3a732c5a07ed5%3A0xbf2fff855b6e9dbe!2sSharad%20Sabhagruh%2C%20Malegaon%20Budruk%2C%20Maharashtra!3m2!1d18.136561699999998!2d74.4986176!4m5!1s0x3bc3a7331355d1e1%3A0xb3b7710b3ec4c16d!2sBoys%20Canteen%2C%20Malegaon%20Budruk%2C%20Maharashtra!3m2!1d18.1388012!2d74.49756119999999!5e0!3m2!1sen!2sin!4v1649790381904!5m2!1sen!2sin
Sharad hall,Playground,https://www.google.com/maps/embed?pb=!1m28!1m12!1m3!1d1895.7932734580133!2d74.49792510803154!3d18.1368745469084!2m3!1f0!2f0!3f0!3m2!1i1024!2i768!4f13.1!4m13!3e6!4m5!1s0x3bc3a732c5a07ed5%3A0xbf2fff855b6e9dbe!2sSharad%20Sabhagruh%2C%20Malegaon%20Budruk%2C%20Maharashtra!3m2!1d18.136561699999998!2d74.4986176!4m5!1s0x3bc3a12a7ebaf46d%3A0x74a2314d46e93d78!2sCollege%20Play%20Ground%2C%20Nira-Baramati%20Road%2C%20Malegaon%20Budruk%2C%20Maharashtra!3m2!1d18.1365324!2d74.49998819999999!5e0!3m2!1sen!2sin!4v1649790525609!5m2!1sen!2sin
Sharad hall,Cafeteria,https://www.google.com/maps/embed?pb=!1m28!1m12!1m3!1d3791.5706740497367!2d74.49597276468229!3d18.13760678763316!2m3!1f0!2f0!3f0!3m2!1i1024!2i768!4f13.1!4m13!3e6!4m5!1s0x3bc3a732c5a07ed5%3A0xbf2fff855b6e9dbe!2sSharad%20Sabhagruh%2C%20Malegaon%20Budruk%2C%20Maharashtra!3m2!1d18.136561699999998!2d74.4986176!4m5!1s0x3bc3a733395a296b%3A0x909f5953f9592008!2sCafeteria%2C%20Malegaon%20Budruk%2C%20Maharashtra!3m2!1d18.138552699999998!2d74.49840739999999!5e0!3m2!1sen!2sin!4v1649790467322!5m2!1sen!2sin
Sharad hall,Parking,https://www.google.com/maps/embed?pb=!1m28!1m12!1m3!1d1895.781433304273!2d74.49776010803158!3d18.137966946908254!2m3!1f0!2f0!3f0!3m2!1i1024!2i768!4f13.1!4m13!3e6!4m5!1s0x3bc3a732c5a07ed5%3A0xbf2fff855b6e9dbe!2sSharad%20Sabhagruh%2C%20Malegaon%20Budruk%2C%20Maharashtra!3m2!1d18.136561699999998!2d74.4986176!4m5!1s0x3bc3a7334ec245f7%3A0x5219bb30325a621d!2sParking%2C%20Unnamed%20Road%2C%20Malegaon%20Budruk%2C%20Maharashtra!3m2!1d18.1393678!2d74.498952!5e0!3m2!1sen!2sin!4v1649790574684!5m2!1sen!2sin
Sharad hall,Electrical Engg Building,https://www.google.com/maps/embed?pb=!1m28!1m12!1m3!1d3791.549843570528!2d74.49631736468231!3d18.138567687632587!2m3!1f0!2f0!3f0!3m2!1i1024!2i768!4f13.1!4m13!3e6!4m5!1s0x3bc3a732c5a07ed5%3A0xbf2fff855b6e9dbe!2sSharad%20Sabhagruh%2C%20Malegaon%20Budruk%2C%20Maharashtra!3m2!1d18.136561699999998!2d74.4986176!4m5!1s0x3bc3a7335b14fbc5%3A0xb6dc5dafd2a44489!2sElectrical%20Engg%20Department%20SVPM%20COE%2C%20Malegaon%20Budruk%2C%20Maharashtra!3m2!1d18.140275499999998!2d74.497483!5e0!3m2!1sen!2sin!4v1649790625168!5m2!1sen!2sin
Sharad hall,Management Building,https://www.google.com/maps/embed?pb=!1m25!1m12!1m3!1d1527.801966196894!2d74.49777875781173!3d18.136981859324518!2m3!1f0!2f0!3f0!3m2!1i1024!2i768!4f13.1!4m10!3e2!4m3!3m2!1d18.1367898!2d74.4985327!4m4!1s0x3bc3a0d255555551%3A0x84c7f5fb7a271301!3m2!1d18.1408254!2d74.4972533!5e1!3m2!1sen!2sin!4v1649869262960!5m2!1sen!2sin
Sharad hall,College of Engg,https://www.google.com/maps/embed?pb=!1m28!1m12!1m3!1d3791.565343508285!2d74.49666576468225!3d18.137852687633032!2m3!1f0!2f0!3f0!3m2!1i1024!2i768!4f13.1!4m13!3e6!4m5!1s0x3bc3a732c5a07ed5%3A0xbf2fff855b6e9dbe!2sSharad%20Sabhagruh%2C%20Malegaon%20Budruk%2C%20Maharashtra!3m2!1d18.136561699999998!2d74.4986176!4m5!1s0x3bc3a0cd33c822f3%3A0xaed54077fcb25400!2sMalegaon%20College%20of%20Engineering%2C%20Malegaon%20Budruk%2C%20Maharashtra!3m2!1d18.139147299999998!2d74.4986887!5e0!3m2!1sen!2sin!4v1649790726223!5m2!1sen!2sin
Sharad hall,Diploma COE,https://www.google.com/maps/embed?pb=!1m28!1m12!1m3!1d3791.573676377625!2d74.49649431468228!3d18.137468287633187!2m3!1f0!2f0!3f0!3m2!1i1024!2i768!4f13.1!4m13!3e6!4m5!1s0x3bc3a732c5a07ed5%3A0xbf2fff855b6e9dbe!2sSharad%20Sabhagruh%2C%20Malegaon%20Budruk%2C%20Maharashtra!3m2!1d18.136561699999998!2d74.4986176!4m5!1s0x3bc3a733319ec153%3A0xcdbe3e0d9574bae!2sDIPLOMA%20COLLEGE%20OF%20ENGG.%2C%20Malegaon%20Budruk%2C%20Maharashtra!3m2!1d18.138378499999998!2d74.4990098!5e0!3m2!1sen!2sin!4v1649790768618!5m2!1sen!2sin
Sharad hall,SVPM office/Pharmacy Building,https://www.google.com/maps/embed?pb=!1m28!1m12!1m3!1d3791.582782942098!2d74.49660631468225!3d18.137048187633475!2m3!1f0!2f0!3f0!3m2!1i1024!2i768!4f13.1!4m13!3e6!4m5!1s0x3bc3a732c5a07ed5%3A0xbf2fff855b6e9dbe!2sSharad%20Sabhagruh%2C%20Malegaon%20Budruk%2C%20Maharashtra!3m2!1d18.136561699999998!2d74.4986176!4m5!1s0x3bc3a733588029df%3A0x24c0458db414da42!2sSVPM;s%20College%20Of%20Pharmacy%2C%20Malegaon%20Budruk%2C%20Maharashtra!3m2!1d18.1375383!2d74.49916139999999!5e0!3m2!1sen!2sin!4v1649790827568!5m2!1sen!2sin
SVPM office/Pharmacy Building,svpm gate,https://www.google.com/maps/embed?pb=!1m28!1m12!1m3!1d3791.5864366114893!2d74.49823696386164!3d18.136879635531812!2m3!1f0!2f0!3f0!3m2!1i1024!2i768!4f13.1!4m13!3e6!4m5!1s0x3bc3a733588029df%3A0x24c0458db414da42!2sSVPM;s%20College%20Of%20Pharmacy%2C%20Malegaon%20Budruk%2C%20Maharashtra!3m2!1d18.1375383!2d74.49916139999999!4m5!1s0x3bc3a167c2f059a9%3A0xaab3e377f1250224!2sSVPM%20GATE%20NO%201%2C%20Malegaon%20Budruk%2C%20Maharashtra!3m2!1d18.1360867!2d74.50114289999999!5e0!3m2!1sen!2sin!4v1649815300311!5m2!1sen!2sin
SVPM office/Pharmacy Building,girls hostel,https://www.google.com/maps/embed?pb=!1m28!1m12!1m3!1d3791.581515971459!2d74.4964534138616!3d18.1371066355251!2m3!1f0!2f0!3f0!3m2!1i1024!2i768!4f13.1!4m13!3e6!4m5!1s0x3bc3a733588029df%3A0x24c0458db414da42!2sSVPM;s%20College%20Of%20Pharmacy%2C%20Malegaon%20Budruk%2C%20Maharashtra!3m2!1d18.1375383!2d74.49916139999999!4m5!1s0x3bc3a7993ac2d5ed%3A0xd8c93645fbe0645!2sGirls%20Hostel(Old)%2C%204FPX%2BM66%2C%20Malegaon%20Budruk%2C%20Maharashtra%20413115!3m2!1d18.1366648!2d74.4980023!5e0!3m2!1sen!2sin!4v1649815691758!5m2!1sen!2sin
SVPM office/Pharmacy Building,boys hostel,https://www.google.com/maps/embed?pb=!1m28!1m12!1m3!1d3791.5643062694!2d74.49615206386162!3d18.137900535501487!2m3!1f0!2f0!3f0!3m2!1i1024!2i768!4f13.1!4m13!3e6!4m5!1s0x3bc3a733588029df%3A0x24c0458db414da42!2sSVPM;s%20College%20Of%20Pharmacy%2C%20Malegaon%20Budruk%2C%20Maharashtra!3m2!1d18.1375383!2d74.49916139999999!4m5!1s0x3bc3a7331355d1e1%3A0xb3b7710b3ec4c16d!2sBoys%20Canteen%2C%20Malegaon%20Budruk%2C%20Maharashtra!3m2!1d18.1388012!2d74.49756119999999!5e0!3m2!1sen!2sin!4v1649815736338!5m2!1sen!2sin
SVPM office/Pharmacy Building,Playground,https://www.google.com/maps/embed?pb=!1m28!1m12!1m3!1d3791.5864366114893!2d74.49823696386164!3d18.136879635531812!2m3!1f0!2f0!3f0!3m2!1i1024!2i768!4f13.1!4m13!3e6!4m5!1s0x3bc3a733588029df%3A0x24c0458db414da42!2sSVPM;s%20College%20Of%20Pharmacy%2C%20Malegaon%20Budruk%2C%20Maharashtra!3m2!1d18.1375383!2d74.49916139999999!4m5!1s0x3bc3a12a7ebaf46d%3A0x74a2314d46e93d78!2sCollege%20Play%20Ground%2C%20Nira-Baramati%20Road%2C%20Malegaon%20Budruk%2C%20Maharashtra!3m2!1d18.1365324!2d74.49998819999999!5e0!3m2!1sen!2sin!4v1649815836012!5m2!1sen!2sin
SVPM office/Pharmacy Building,Cafeteria,https://www.google.com/maps/embed?pb=!1m28!1m12!1m3!1d3791.560973282259!2d74.49666576386163!3d18.138054285496924!2m3!1f0!2f0!3f0!3m2!1i1024!2i768!4f13.1!4m13!3e6!4m5!1s0x3bc3a733588029df%3A0x24c0458db414da42!2sSVPM;s%20College%20Of%20Pharmacy%2C%20Malegaon%20Budruk%2C%20Maharashtra!3m2!1d18.1375383!2d74.49916139999999!4m5!1s0x3bc3a733395a296b%3A0x909f5953f9592008!2sCafeteria%2C%20Malegaon%20Budruk%2C%20Maharashtra!3m2!1d18.138552699999998!2d74.49840739999999!5e0!3m2!1sen!2sin!4v1649815781152!5m2!1sen!2sin
SVPM office/Pharmacy Building,Parking,https://www.google.com/maps/embed?pb=!1m28!1m12!1m3!1d3791.553952783929!2d74.49725886386165!3d18.138378135487216!2m3!1f0!2f0!3f0!3m2!1i1024!2i768!4f13.1!4m13!3e6!4m5!1s0x3bc3a733588029df%3A0x24c0458db414da42!2sSVPM;s%20College%20Of%20Pharmacy%2C%20Malegaon%20Budruk%2C%20Maharashtra!3m2!1d18.1375383!2d74.49916139999999!4m5!1s0x3bc3a7334ec245f7%3A0x5219bb30325a621d!2sParking%2C%20Unnamed%20Road%2C%20Malegaon%20Budruk%2C%20Maharashtra!3m2!1d18.1393678!2d74.498952!5e0!3m2!1sen!2sin!4v1649815888379!5m2!1sen!2sin
SVPM office/Pharmacy Building,Electrical Engg Building,https://www.google.com/maps/embed?pb=!1m28!1m12!1m3!1d3791.545073202945!2d74.49631736386164!3d18.138787735475145!2m3!1f0!2f0!3f0!3m2!1i1024!2i768!4f13.1!4m13!3e6!4m5!1s0x3bc3a733588029df%3A0x24c0458db414da42!2sSVPM;s%20College%20Of%20Pharmacy%2C%20Malegaon%20Budruk%2C%20Maharashtra!3m2!1d18.1375383!2d74.49916139999999!4m5!1s0x3bc3a7335b14fbc5%3A0xb6dc5dafd2a44489!2sElectrical%20Engg%20Department%20SVPM%20COE%2C%20Malegaon%20Budruk%2C%20Maharashtra!3m2!1d18.140275499999998!2d74.497483!5e0!3m2!1sen!2sin!4v1649815929625!5m2!1sen!2sin
SVPM office/Pharmacy Building,Management Building,https://www.google.com/maps/embed?pb=!1m26!1m12!1m3!1d1527.801966196894!2d74.49777875781173!3d18.136981859324518!2m3!1f0!2f0!3f0!3m2!1i1024!2i768!4f13.1!4m11!3e2!4m4!1s0x3bc3a733588029df%3A0x24c0458db414da42!3m2!1d18.1375383!2d74.49916139999999!4m4!1s0x3bc3a0d255555551%3A0x84c7f5fb7a271301!3m2!1d18.1408254!2d74.4972533!5e1!3m2!1sen!2sin!4v1649869299173!5m2!1sen!2sin
SVPM office/Pharmacy Building,College of Engg,https://www.google.com/maps/embed?pb=!1m28!1m12!1m3!1d3791.556429536785!2d74.49715746386164!3d18.138263885490716!2m3!1f0!2f0!3f0!3m2!1i1024!2i768!4f13.1!4m13!3e6!4m5!1s0x3bc3a733588029df%3A0x24c0458db414da42!2sSVPM;s%20College%20Of%20Pharmacy%2C%20Malegaon%20Budruk%2C%20Maharashtra!3m2!1d18.1375383!2d74.49916139999999!4m5!1s0x3bc3a0cd33c822f3%3A0xaed54077fcb25400!2sMalegaon%20College%20of%20Engineering%2C%20Malegaon%20Budruk%2C%20Maharashtra!3m2!1d18.139147299999998!2d74.4986887!5e0!3m2!1sen!2sin!4v1649816023156!5m2!1sen!2sin
SVPM office/Pharmacy Building,Diploma COE,https://www.google.com/maps/embed?pb=!1m28!1m12!1m3!1d3791.5689062887595!2d74.49656916386166!3d18.137688335507754!2m3!1f0!2f0!3f0!3m2!1i1024!2i768!4f13.1!4m13!3e6!4m5!1s0x3bc3a733588029df%3A0x24c0458db414da42!2sSVPM;s%20College%20Of%20Pharmacy%2C%20Malegaon%20Budruk%2C%20Maharashtra!3m2!1d18.1375383!2d74.49916139999999!4m5!1s0x3bc3a733319ec153%3A0xcdbe3e0d9574bae!2sDIPLOMA%20COLLEGE%20OF%20ENGG.%2C%20Malegaon%20Budruk%2C%20Maharashtra!3m2!1d18.138378499999998!2d74.4990098!5e0!3m2!1sen!2sin!4v1649816070906!5m2!1sen!2sin
SVPM office/Pharmacy Building,Sharad hall,https://www.google.com/maps/embed?pb=!1m28!1m12!1m3!1d3791.5826724355998!2d74.49660631386158!3d18.137053285526683!2m3!1f0!2f0!3f0!3m2!1i1024!2i768!4f13.1!4m13!3e6!4m5!1s0x3bc3a733588029df%3A0x24c0458db414da42!2sSVPM;s%20College%20Of%20Pharmacy%2C%20Malegaon%20Budruk%2C%20Maharashtra!3m2!1d18.1375383!2d74.49916139999999!4m5!1s0x3bc3a732c5a07ed5%3A0xbf2fff855b6e9dbe!2sSharad%20Sabhagruh%2C%20Malegaon%20Budruk%2C%20Maharashtra!3m2!1d18.136561699999998!2d74.4986176!5e0!3m2!1sen!2sin!4v1649815978025!5m2!1sen!2sin
svpm gate,girls hostel,https://www.google.com/maps/embed?pb=!1m28!1m12!1m3!1d1895.7976114597466!2d74.49868085803153!3d18.136474296908474!2m3!1f0!2f0!3f0!3m2!1i1024!2i768!4f13.1!4m13!3e6!4m5!1s0x3bc3a167c2f059a9%3A0xaab3e377f1250224!2sSVPM%20GATE%20NO%201%2C%20Malegaon%20Budruk%2C%20Maharashtra!3m2!1d18.1360867!2d74.50114289999999!4m5!1s0x3bc3a7993ac2d5ed%3A0xd8c93645fbe0645!2sGirls%20Hostel(Old)%2C%204FPX%2BM66%2C%20Malegaon%20Budruk%2C%20Maharashtra%20413115!3m2!1d18.1366648!2d74.4980023!5e0!3m2!1sen!2sin!4v1649766995523!5m2!1sen!2sin
svpm gate,boys hostel,https://www.google.com/maps/embed?pb=!1m28!1m12!1m3!1d869.6026895109067!2d74.49814502676114!3d18.138189016297765!2m3!1f0!2f0!3f0!3m2!1i1024!2i768!4f13.1!4m13!3e6!4m5!1s0x3bc3a167c2f059a9%3A0xaab3e377f1250224!2sSVPM%20GATE%20NO%201%2C%20Malegaon%20Budruk%2C%20Maharashtra!3m2!1d18.1360867!2d74.50114289999999!4m5!1s0x3bc3a7331355d1e1%3A0xb3b7710b3ec4c16d!2sBoys%20Canteen%2C%20Malegaon%20Budruk%2C%20Maharashtra!3m2!1d18.1388012!2d74.49756119999999!5e1!3m2!1sen!2sin!4v1649767148621!5m2!1sen!2sin
svpm gate,Playground,https://www.google.com/maps/embed?pb=!1m28!1m12!1m3!1d881.2509551254233!2d74.49999397917227!3d18.136219399227134!2m3!1f0!2f0!3f0!3m2!1i1024!2i768!4f13.1!4m13!3e6!4m5!1s0x3bc3a167c2f059a9%3A0xaab3e377f1250224!2sSVPM%20GATE%20NO%201%2C%20Malegaon%20Budruk%2C%20Maharashtra!3m2!1d18.1360867!2d74.50114289999999!4m5!1s0x3bc3a12a7ebaf46d%3A0x74a2314d46e93d78!2sCollege%20Play%20Ground%2C%20Nira-Baramati%20Road%2C%20Malegaon%20Budruk%2C%20Maharashtra!3m2!1d18.1365324!2d74.49998819999999!5e1!3m2!1sen!2sin!4v1649767313466!5m2!1sen!2sin
svpm gate,Cafeteria,https://www.google.com/maps/embed?pb=!1m28!1m12!1m3!1d1762.4892444147742!2d74.49860325803158!3d18.137476396908312!2m3!1f0!2f0!3f0!3m2!1i1024!2i768!4f13.1!4m13!3e6!4m5!1s0x3bc3a167c2f059a9%3A0xaab3e377f1250224!2sSVPM%20GATE%20NO%201%2C%20Malegaon%20Budruk%2C%20Maharashtra!3m2!1d18.1360867!2d74.50114289999999!4m5!1s0x3bc3a733395a296b%3A0x909f5953f9592008!2sCafeteria%2C%20Malegaon%20Budruk%2C%20Maharashtra!3m2!1d18.138552699999998!2d74.49840739999999!5e1!3m2!1sen!2sin!4v1649767370336!5m2!1sen!2sin
svpm gate,Parking,https://www.google.com/maps/embed?pb=!1m28!1m12!1m3!1d3524.97581467793!2d74.49810201468229!3d18.1376090876332!2m3!1f0!2f0!3f0!3m2!1i1024!2i768!4f13.1!4m13!3e6!4m5!1s0x3bc3a167c2f059a9%3A0xaab3e377f1250224!2sSVPM%20GATE%20NO%201%2C%204GP2%2BCFJ%2C%20Malegaon%20Budruk%2C%20Maharashtra%20413115!3m2!1d18.1360867!2d74.50114289999999!4m5!1s0x3bc3a7334ec245f7%3A0x5219bb30325a621d!2sParking%2C%20Unnamed%20Road%2C%20Malegaon%20Budruk%2C%20Maharashtra!3m2!1d18.1393678!2d74.498952!5e1!3m2!1sen!2sin!4v1649767943902!5m2!1sen!2sin
svpm gate,Electrical Engg Building,https://www.google.com/maps/embed?pb=!1m28!1m12!1m3!1d3524.9615287143015!2d74.49739776468229!3d18.138317937632724!2m3!1f0!2f0!3f0!3m2!1i1024!2i768!4f13.1!4m13!3e6!4m5!1s0x3bc3a167c2f059a9%3A0xaab3e377f1250224!2sSVPM%20GATE%20NO%201%2C%204GP2%2BCFJ%2C%20Malegaon%20Budruk%2C%20Maharashtra%20413115!3m2!1d18.1360867!2d74.50114289999999!4m5!1s0x3bc3a7335b14fbc5%3A0xb6dc5dafd2a44489!2sElectrical%20Engg%20Department%20SVPM%20COE%2C%20Malegaon%20Budruk%2C%20Maharashtra!3m2!1d18.140275499999998!2d74.497483!5e1!3m2!1sen!2sin!4v1649768010555!5m2!1sen!2sin
svpm gate,Management Building,https://www.google.com/maps/embed?pb=!1m25!1m12!1m3!1d1527.8043790415654!2d74.49883249132944!3d18.136705616686047!2m3!1f0!2f0!3f0!3m2!1i1024!2i768!4f13.1!4m10!3e2!4m3!3m2!1d18.1360819!2d74.5012579!4m4!1s0x3bc3a0d255555551%3A0x84c7f5fb7a271301!3m2!1d18.1408254!2d74.4972533!5e1!3m2!1sen!2sin!4v1649869339885!5m2!1sen!2sin
svpm gate,College of Engg,https://www.google.com/maps/embed?pb=!1m28!1m12!1m3!1d1762.4890585014514!2d74.4990949580316!3d18.137494846908282!2m3!1f0!2f0!3f0!3m2!1i1024!2i768!4f13.1!4m13!3e6!4m5!1s0x3bc3a167c2f059a9%3A0xaab3e377f1250224!2sSVPM%20GATE%20NO%201%2C%204GP2%2BCFJ%2C%20Malegaon%20Budruk%2C%20Maharashtra%20413115!3m2!1d18.1360867!2d74.50114289999999!4m5!1s0x3bc3a0cd33c822f3%3A0xaed54077fcb25400!2sMalegaon%20College%20of%20Engineering%2C%20Malegaon%20Budruk%2C%20Maharashtra!3m2!1d18.139147299999998!2d74.4986887!5e1!3m2!1sen!2sin!4v1649768213316!5m2!1sen!2sin
svpm gate,Diploma COE,https://www.google.com/maps/embed?pb=!1m28!1m12!1m3!1d1762.4929319098337!2d74.4988675080316!3d18.137110446908352!2m3!1f0!2f0!3f0!3m2!1i1024!2i768!4f13.1!4m13!3e6!4m5!1s0x3bc3a167c2f059a9%3A0xaab3e377f1250224!2sSVPM%20GATE%20NO%201%2C%204GP2%2BCFJ%2C%20Malegaon%20Budruk%2C%20Maharashtra%20413115!3m2!1d18.1360867!2d74.50114289999999!4m5!1s0x3bc3a733319ec153%3A0xcdbe3e0d9574bae!2sDIPLOMA%20COLLEGE%20OF%20ENGG.%2C%20Malegaon%20Budruk%2C%20Maharashtra!3m2!1d18.138378499999998!2d74.4990098!5e1!3m2!1sen!2sin!4v1649768259629!5m2!1sen!2sin
svpm gate,Sharad hall,https://www.google.com/maps/embed?pb=!1m28!1m12!1m3!1d1762.4993419039786!2d74.49883375803161!3d18.136474296908474!2m3!1f0!2f0!3f0!3m2!1i1024!2i768!4f13.1!4m13!3e6!4m5!1s0x3bc3a167c2f059a9%3A0xaab3e377f1250224!2sSVPM%20GATE%20NO%201%2C%204GP2%2BCFJ%2C%20Malegaon%20Budruk%2C%20Maharashtra%20413115!3m2!1d18.1360867!2d74.50114289999999!4m5!1s0x3bc3a732c5a07ed5%3A0xbf2fff855b6e9dbe!2sSharad%20Sabhagruh%2C%20Malegaon%20Budruk%2C%20Maharashtra!3m2!1d18.136561699999998!2d74.4986176!5e1!3m2!1sen!2sin!4v1649768334958!5m2!1sen!2sin
svpm gate,SVPM office/Pharmacy Building,https://www.google.com/maps/embed?pb=!1m28!1m12!1m3!1d1762.495308917998!2d74.49933130799944!3d18.1368745469084!2m3!1f0!2f0!3f0!3m2!1i1024!2i768!4f13.1!4m13!3e6!4m5!1s0x3bc3a167c2f059a9%3A0xaab3e377f1250224!2sSVPM%20GATE%20NO%201%2C%204GP2%2BCFJ%2C%20Malegaon%20Budruk%2C%20Maharashtra%20413115!3m2!1d18.1360867!2d74.50114289999999!4m5!1s0x3bc3a733588029df%3A0x24c0458db414da42!2sSVPM;s%20College%20Of%20Pharmacy%2C%20Malegaon%20Budruk%2C%20Maharashtra!3m2!1d18.1375383!2d74.49916139999999!5e1!3m2!1sen!2sin!4v1649768391906!5m2!1sen!2sin
